worker_id,question,time,pattern,mode,choice,correct
A10HW8JXM17XLD,1,17.9,1,RD,1.0,1
A10HW8JXM17XLD,2,84.293,1,SQL,1.0,1
A10HW8JXM17XLD,3,34.839,2,RD,2.0,1
A10HW8JXM17XLD,4,109.859,1,SQL,2.0,0
A10HW8JXM17XLD,5,8.886,1,RD,1.0,1
A10HW8JXM17XLD,6,43.169,2,SQL,2.0,1
A10HW8JXM17XLD,7,16.474,3,RD,3.0,1
A10HW8JXM17XLD,8,115.852,4,SQL,3.0,0
A10HW8JXM17XLD,9,14.404,2,RD,2.0,1
A10HW8JXM17XLD,10,68.626,4,SQL,4.0,1
A10HW8JXM17XLD,11,17.996,4,RD,4.0,1
A10HW8JXM17XLD,12,25.34,2,SQL,2.0,1
A10HW8JXM17XLD,13,14.759,4,RD,4.0,1
A10HW8JXM17XLD,14,24.66,3,SQL,3.0,1
A10HW8JXM17XLD,15,10.993,3,RD,3.0,1
A10HW8JXM17XLD,16,26.585,3,SQL,3.0,1
A10HW8JXM17XLD,17,13.344,3,RD,3.0,1
A10HW8JXM17XLD,18,18.55,1,SQL,1.0,1
A10HW8JXM17XLD,19,4.323,1,RD,1.0,1
A10HW8JXM17XLD,20,17.823,1,SQL,1.0,1
A10HW8JXM17XLD,21,8.406,4,RD,4.0,1
A10HW8JXM17XLD,22,22.645,2,SQL,2.0,1
A10HW8JXM17XLD,23,9.058,4,RD,4.0,1
A10HW8JXM17XLD,24,16.477,3,SQL,3.0,1
A10HW8JXM17XLD,25,12.634,3,RD,3.0,1
A10HW8JXM17XLD,26,15.484,4,SQL,4.0,1
A10HW8JXM17XLD,27,16.748,2,RD,2.0,1
A10HW8JXM17XLD,28,13.073,2,SQL,2.0,1
A10HW8JXM17XLD,29,9.793,1,RD,1.0,1
A10HW8JXM17XLD,30,13.226,3,SQL,3.0,1
A10HW8JXM17XLD,31,13.388,2,RD,2.0,1
A10HW8JXM17XLD,32,12.761,4,SQL,4.0,1
A117C4QPUJ39TH,1,21.569,3,RD,2.0,0
A117C4QPUJ39TH,2,15.726,1,SQL,3.0,0
A117C4QPUJ39TH,3,29.494,3,RD,3.0,1
A117C4QPUJ39TH,4,17.861,3,SQL,1.0,0
A117C4QPUJ39TH,5,13.374,2,RD,3.0,0
A117C4QPUJ39TH,6,13.041,2,SQL,1.0,0
A117C4QPUJ39TH,7,12.157,4,RD,2.0,0
A117C4QPUJ39TH,8,15.069,4,SQL,3.0,0
A117C4QPUJ39TH,9,7.878,2,RD,2.0,1
A117C4QPUJ39TH,10,10.627,1,SQL,4.0,0
A117C4QPUJ39TH,11,8.41,1,RD,2.0,0
A117C4QPUJ39TH,12,17.997,2,SQL,4.0,0
A117C4QPUJ39TH,13,10.028,1,RD,2.0,0
A117C4QPUJ39TH,14,54.343,3,SQL,2.0,0
A117C4QPUJ39TH,15,14.125,4,RD,1.0,0
A117C4QPUJ39TH,16,13.597,4,SQL,3.0,0
A117C4QPUJ39TH,17,9.61,1,RD,4.0,0
A117C4QPUJ39TH,18,20.086,1,SQL,4.0,0
A117C4QPUJ39TH,19,7.829,2,RD,4.0,0
A117C4QPUJ39TH,20,15.601,4,SQL,1.0,0
A117C4QPUJ39TH,21,6.322,4,RD,1.0,0
A117C4QPUJ39TH,22,12.009,4,SQL,3.0,0
A117C4QPUJ39TH,23,7.812,4,RD,4.0,1
A117C4QPUJ39TH,24,16.569,1,SQL,1.0,1
A117C4QPUJ39TH,25,8.032,2,RD,1.0,0
A117C4QPUJ39TH,26,13.716,3,SQL,4.0,0
A117C4QPUJ39TH,27,4.887,1,RD,4.0,0
A117C4QPUJ39TH,28,6.68,3,SQL,1.0,0
A117C4QPUJ39TH,29,5.497,3,RD,4.0,0
A117C4QPUJ39TH,30,19.847,2,SQL,3.0,0
A117C4QPUJ39TH,31,5.074,3,RD,4.0,0
A117C4QPUJ39TH,32,7.595,2,SQL,1.0,0
A146QN6EU8LAEI,1,85.481,3,SQL,2.0,0
A146QN6EU8LAEI,2,25.894,2,RD,2.0,1
A146QN6EU8LAEI,3,74.61,4,SQL,2.0,0
A146QN6EU8LAEI,4,6.246,4,RD,3.0,0
A146QN6EU8LAEI,5,20.272,2,SQL,4.0,0
A146QN6EU8LAEI,6,20.734,1,RD,4.0,0
A146QN6EU8LAEI,7,21.375,1,SQL,1.0,1
A146QN6EU8LAEI,8,10.557,3,RD,1.0,0
A146QN6EU8LAEI,9,28.399,2,SQL,1.0,0
A146QN6EU8LAEI,10,5.56,3,RD,3.0,1
A146QN6EU8LAEI,11,18.496,4,SQL,2.0,0
A146QN6EU8LAEI,12,9.088,2,RD,4.0,0
A146QN6EU8LAEI,13,8.169,1,SQL,1.0,1
A146QN6EU8LAEI,14,45.374,1,RD,3.0,0
A146QN6EU8LAEI,15,82.516,3,SQL,3.0,1
A146QN6EU8LAEI,16,17.164,4,RD,3.0,0
A146QN6EU8LAEI,17,61.083,4,SQL,2.0,0
A146QN6EU8LAEI,18,6.431,3,RD,3.0,1
A146QN6EU8LAEI,19,32.822,1,SQL,1.0,1
A146QN6EU8LAEI,20,5.166,3,RD,3.0,1
A146QN6EU8LAEI,21,14.209,2,SQL,1.0,0
A146QN6EU8LAEI,22,8.977,2,RD,3.0,0
A146QN6EU8LAEI,23,8.73,4,SQL,2.0,0
A146QN6EU8LAEI,24,5.619,1,RD,1.0,1
A146QN6EU8LAEI,25,23.47,2,SQL,2.0,1
A146QN6EU8LAEI,26,6.053,1,RD,1.0,1
A146QN6EU8LAEI,27,9.845,3,SQL,2.0,0
A146QN6EU8LAEI,28,6.103,2,RD,4.0,0
A146QN6EU8LAEI,29,16.437,1,SQL,1.0,1
A146QN6EU8LAEI,30,5.311,4,RD,3.0,0
A146QN6EU8LAEI,31,17.246,3,SQL,3.0,1
A146QN6EU8LAEI,32,5.182,4,RD,4.0,1
A158VYQPZFIBUK,1,16.163,4,RD,1.0,0
A158VYQPZFIBUK,2,7.515,2,SQL,1.0,0
A158VYQPZFIBUK,3,4.918,4,RD,4.0,1
A158VYQPZFIBUK,4,13.106,3,SQL,3.0,1
A158VYQPZFIBUK,5,15.038,2,RD,2.0,1
A158VYQPZFIBUK,6,10.361,4,SQL,3.0,0
A158VYQPZFIBUK,7,13.876,3,RD,4.0,0
A158VYQPZFIBUK,8,10.176,1,SQL,1.0,1
A158VYQPZFIBUK,9,53.501,3,RD,3.0,1
A158VYQPZFIBUK,10,6.746,3,SQL,4.0,0
A158VYQPZFIBUK,11,7.31,2,RD,3.0,0
A158VYQPZFIBUK,12,4.621,1,SQL,4.0,0
A158VYQPZFIBUK,13,8.853,1,RD,2.0,0
A158VYQPZFIBUK,14,12.345,4,SQL,2.0,0
A158VYQPZFIBUK,15,6.38,1,RD,4.0,0
A158VYQPZFIBUK,16,11.43,2,SQL,1.0,0
A158VYQPZFIBUK,17,48.99,4,RD,1.0,0
A158VYQPZFIBUK,18,3.378,3,SQL,4.0,0
A158VYQPZFIBUK,19,4.519,1,RD,4.0,0
A158VYQPZFIBUK,20,4.37,2,SQL,4.0,0
A158VYQPZFIBUK,21,11.442,3,RD,3.0,1
A158VYQPZFIBUK,22,8.223,1,SQL,1.0,1
A158VYQPZFIBUK,23,3.118,3,RD,3.0,1
A158VYQPZFIBUK,24,2.568,2,SQL,2.0,1
A158VYQPZFIBUK,25,2.521,4,RD,1.0,0
A158VYQPZFIBUK,26,4.171,4,SQL,3.0,0
A158VYQPZFIBUK,27,3.33,2,RD,1.0,0
A158VYQPZFIBUK,28,3.577,1,SQL,2.0,0
A158VYQPZFIBUK,29,2.286,2,RD,4.0,0
A158VYQPZFIBUK,30,3.136,3,SQL,1.0,0
A158VYQPZFIBUK,31,4.597,1,RD,4.0,0
A158VYQPZFIBUK,32,6.218,4,SQL,1.0,0
A15LUYM5U0YQNJ,1,18.589,1,SQL,1.0,1
A15LUYM5U0YQNJ,2,59.087,4,RD,3.0,0
A15LUYM5U0YQNJ,3,11.051,3,SQL,1.0,0
A15LUYM5U0YQNJ,4,7.897,3,RD,1.0,0
A15LUYM5U0YQNJ,5,5.878,2,SQL,3.0,0
A15LUYM5U0YQNJ,6,7.505,3,RD,1.0,0
A15LUYM5U0YQNJ,7,24.288,3,SQL,4.0,0
A15LUYM5U0YQNJ,8,6.623,1,RD,1.0,1
A15LUYM5U0YQNJ,9,15.259,4,SQL,4.0,1
A15LUYM5U0YQNJ,10,5.2,2,RD,4.0,0
A15LUYM5U0YQNJ,11,4.257,2,SQL,1.0,0
A15LUYM5U0YQNJ,12,4.13,2,RD,4.0,0
A15LUYM5U0YQNJ,13,4.002,1,SQL,1.0,1
A15LUYM5U0YQNJ,14,8.473,4,RD,1.0,0
A15LUYM5U0YQNJ,15,3.949,4,SQL,4.0,1
A15LUYM5U0YQNJ,16,6.188,1,RD,1.0,1
A15LUYM5U0YQNJ,17,3.54,1,SQL,4.0,0
A15LUYM5U0YQNJ,18,3.944,1,RD,1.0,1
A15LUYM5U0YQNJ,19,10.599,4,SQL,4.0,1
A15LUYM5U0YQNJ,20,10.628,1,RD,1.0,1
A15LUYM5U0YQNJ,21,7.07,4,SQL,4.0,1
A15LUYM5U0YQNJ,22,28.115,4,RD,1.0,0
A15LUYM5U0YQNJ,23,4.941,1,SQL,4.0,0
A15LUYM5U0YQNJ,24,4.554,4,RD,1.0,0
A15LUYM5U0YQNJ,25,4.416,2,SQL,1.0,0
A15LUYM5U0YQNJ,26,3.821,2,RD,1.0,0
A15LUYM5U0YQNJ,27,3.602,2,SQL,4.0,0
A15LUYM5U0YQNJ,28,3.639,3,RD,2.0,0
A15LUYM5U0YQNJ,29,3.133,3,SQL,1.0,0
A15LUYM5U0YQNJ,30,3.954,3,RD,4.0,0
A15LUYM5U0YQNJ,31,3.107,3,SQL,1.0,0
A15LUYM5U0YQNJ,32,3.418,2,RD,1.0,0
A173A97OFDAX9F,1,89.181,1,SQL,1.0,1
A173A97OFDAX9F,2,18.592,1,RD,1.0,1
A173A97OFDAX9F,3,28.264,1,SQL,1.0,1
A173A97OFDAX9F,4,13.054,3,RD,3.0,1
A173A97OFDAX9F,5,36.206,3,SQL,3.0,1
A173A97OFDAX9F,6,10.214,3,RD,3.0,1
A173A97OFDAX9F,7,14.653,3,SQL,3.0,1
A173A97OFDAX9F,8,16.594,4,RD,4.0,1
A173A97OFDAX9F,9,8.834,4,SQL,4.0,1
A173A97OFDAX9F,10,9.279,2,RD,2.0,1
A173A97OFDAX9F,11,12.959,2,SQL,2.0,1
A173A97OFDAX9F,12,7.487,1,RD,1.0,1
A173A97OFDAX9F,13,11.017,4,SQL,4.0,1
A173A97OFDAX9F,14,6.537,4,RD,4.0,1
A173A97OFDAX9F,15,12.64,2,SQL,2.0,1
A173A97OFDAX9F,16,8.593,2,RD,2.0,1
A173A97OFDAX9F,17,12.065,3,SQL,3.0,1
A173A97OFDAX9F,18,19.489,4,RD,4.0,1
A173A97OFDAX9F,19,9.689,4,SQL,4.0,1
A173A97OFDAX9F,20,18.575,3,RD,3.0,1
A173A97OFDAX9F,21,14.959,1,SQL,1.0,1
A173A97OFDAX9F,22,4.039,1,RD,1.0,1
A173A97OFDAX9F,23,9.176,4,SQL,4.0,1
A173A97OFDAX9F,24,3.825,1,RD,1.0,1
A173A97OFDAX9F,25,10.449,1,SQL,1.0,1
A173A97OFDAX9F,26,7.625,4,RD,4.0,1
A173A97OFDAX9F,27,13.212,2,SQL,2.0,1
A173A97OFDAX9F,28,13.578,3,RD,3.0,1
A173A97OFDAX9F,29,11.757,3,SQL,3.0,1
A173A97OFDAX9F,30,9.009,2,RD,2.0,1
A173A97OFDAX9F,31,14.197,2,SQL,2.0,1
A173A97OFDAX9F,32,8.16,2,RD,2.0,1
A1ACFG3RQPTWE2,1,12.359,1,SQL,4.0,0
A1ACFG3RQPTWE2,2,18.45,2,RD,1.0,0
A1ACFG3RQPTWE2,3,4.56,4,SQL,1.0,0
A1ACFG3RQPTWE2,4,4.363,4,RD,1.0,0
A1ACFG3RQPTWE2,5,3.968,2,SQL,1.0,0
A1ACFG3RQPTWE2,6,3.846,2,RD,1.0,0
A1ACFG3RQPTWE2,7,3.323,3,SQL,1.0,0
A1ACFG3RQPTWE2,8,2.63,1,RD,4.0,0
A1ACFG3RQPTWE2,9,3.238,2,SQL,4.0,0
A1ACFG3RQPTWE2,10,2.962,3,RD,4.0,0
A1ACFG3RQPTWE2,11,4.444,1,SQL,4.0,0
A1ACFG3RQPTWE2,12,5.395,1,RD,1.0,1
A1ACFG3RQPTWE2,13,5.968,3,SQL,3.0,1
A1ACFG3RQPTWE2,14,7.284,4,RD,1.0,0
A1ACFG3RQPTWE2,15,4.025,4,SQL,2.0,0
A1ACFG3RQPTWE2,16,3.025,3,RD,1.0,0
A1ACFG3RQPTWE2,17,3.132,1,SQL,4.0,0
A1ACFG3RQPTWE2,18,3.567,1,RD,1.0,1
A1ACFG3RQPTWE2,19,3.798,4,SQL,4.0,1
A1ACFG3RQPTWE2,20,3.901,2,RD,1.0,0
A1ACFG3RQPTWE2,21,4.027,3,SQL,1.0,0
A1ACFG3RQPTWE2,22,2.419,4,RD,4.0,1
A1ACFG3RQPTWE2,23,4.124,2,SQL,1.0,0
A1ACFG3RQPTWE2,24,3.436,3,RD,4.0,0
A1ACFG3RQPTWE2,25,3.453,4,SQL,2.0,0
A1ACFG3RQPTWE2,26,4.291,1,RD,4.0,0
A1ACFG3RQPTWE2,27,4.047,3,SQL,1.0,0
A1ACFG3RQPTWE2,28,3.409,2,RD,4.0,0
A1ACFG3RQPTWE2,29,3.939,1,SQL,1.0,1
A1ACFG3RQPTWE2,30,3.379,3,RD,4.0,0
A1ACFG3RQPTWE2,31,3.986,2,SQL,1.0,0
A1ACFG3RQPTWE2,32,4.127,4,RD,3.0,0
A1HCJKXZTLF6VI,1,28.029,4,RD,1.0,0
A1HCJKXZTLF6VI,2,7.509,4,SQL,4.0,1
A1HCJKXZTLF6VI,3,9.569,2,RD,1.0,0
A1HCJKXZTLF6VI,4,3.35,4,SQL,2.0,0
A1HCJKXZTLF6VI,5,2.87,3,RD,3.0,1
A1HCJKXZTLF6VI,6,4.487,3,SQL,3.0,1
A1HCJKXZTLF6VI,7,1.821,1,RD,1.0,1
A1HCJKXZTLF6VI,8,2.192,2,SQL,4.0,0
A1HCJKXZTLF6VI,9,2.664,3,RD,2.0,0
A1HCJKXZTLF6VI,10,3.556,1,SQL,1.0,1
A1HCJKXZTLF6VI,11,2.673,2,RD,4.0,0
A1HCJKXZTLF6VI,12,3.712,2,SQL,1.0,0
A1HCJKXZTLF6VI,13,2.61,1,RD,3.0,0
A1HCJKXZTLF6VI,14,2.604,1,SQL,4.0,0
A1HCJKXZTLF6VI,15,9.276,4,RD,4.0,1
A1HCJKXZTLF6VI,16,3.133,3,SQL,1.0,0
A1HCJKXZTLF6VI,17,4.629,4,RD,2.0,0
A1HCJKXZTLF6VI,18,2.394,1,SQL,3.0,0
A1HCJKXZTLF6VI,19,7.313,3,RD,1.0,0
A1HCJKXZTLF6VI,20,3.25,3,SQL,3.0,1
A1HCJKXZTLF6VI,21,16.407,3,RD,3.0,1
A1HCJKXZTLF6VI,22,3.296,4,SQL,1.0,0
A1HCJKXZTLF6VI,23,3.577,4,RD,4.0,1
A1HCJKXZTLF6VI,24,2.534,2,SQL,1.0,0
A1HCJKXZTLF6VI,25,3.204,2,RD,3.0,0
A1HCJKXZTLF6VI,26,3.67,3,SQL,4.0,0
A1HCJKXZTLF6VI,27,4.824,2,RD,2.0,1
A1HCJKXZTLF6VI,28,6.849,4,SQL,4.0,1
A1HCJKXZTLF6VI,29,2.807,1,RD,1.0,1
A1HCJKXZTLF6VI,30,5.022,1,SQL,3.0,0
A1HCJKXZTLF6VI,31,3.487,1,RD,1.0,1
A1HCJKXZTLF6VI,32,3.906,2,SQL,4.0,0
A1KZG9HWOQ37O7,1,154.225,2,SQL,1.0,0
A1KZG9HWOQ37O7,2,3.212,1,RD,2.0,0
A1KZG9HWOQ37O7,3,3.188,3,SQL,1.0,0
A1KZG9HWOQ37O7,4,3.053,2,RD,4.0,0
A1KZG9HWOQ37O7,5,3.404,4,SQL,1.0,0
A1KZG9HWOQ37O7,6,5.168,2,RD,2.0,1
A1KZG9HWOQ37O7,7,6.616,4,SQL,4.0,1
A1KZG9HWOQ37O7,8,5.486,4,RD,3.0,0
A1KZG9HWOQ37O7,9,3.207,1,SQL,1.0,1
A1KZG9HWOQ37O7,10,2.931,3,RD,2.0,0
A1KZG9HWOQ37O7,11,3.912,2,SQL,3.0,0
A1KZG9HWOQ37O7,12,4.618,3,RD,1.0,0
A1KZG9HWOQ37O7,13,7.145,1,SQL,4.0,0
A1KZG9HWOQ37O7,14,2.497,1,RD,4.0,0
A1KZG9HWOQ37O7,15,2.782,3,SQL,3.0,1
A1KZG9HWOQ37O7,16,3.342,4,RD,1.0,0
A1KZG9HWOQ37O7,17,3.383,3,SQL,2.0,0
A1KZG9HWOQ37O7,18,2.418,1,RD,4.0,0
A1KZG9HWOQ37O7,19,2.531,1,SQL,1.0,1
A1KZG9HWOQ37O7,20,2.509,4,RD,4.0,1
A1KZG9HWOQ37O7,21,12.742,2,SQL,3.0,0
A1KZG9HWOQ37O7,22,2.713,2,RD,1.0,0
A1KZG9HWOQ37O7,23,3.277,4,SQL,3.0,0
A1KZG9HWOQ37O7,24,2.818,1,RD,4.0,0
A1KZG9HWOQ37O7,25,2.539,4,SQL,2.0,0
A1KZG9HWOQ37O7,26,2.581,4,RD,4.0,1
A1KZG9HWOQ37O7,27,8.831,2,SQL,2.0,1
A1KZG9HWOQ37O7,28,3.986,2,RD,3.0,0
A1KZG9HWOQ37O7,29,4.913,1,SQL,2.0,0
A1KZG9HWOQ37O7,30,3.114,3,RD,4.0,0
A1KZG9HWOQ37O7,31,10.35,3,SQL,3.0,1
A1KZG9HWOQ37O7,32,29.026,3,RD,4.0,0
A1N7OG0CEAU4D8,1,28.597,1,SQL,1.0,1
A1N7OG0CEAU4D8,2,17.807,1,RD,3.0,0
A1N7OG0CEAU4D8,3,10.387,2,SQL,4.0,0
A1N7OG0CEAU4D8,4,10.527,3,RD,2.0,0
A1N7OG0CEAU4D8,5,7.519,3,SQL,3.0,1
A1N7OG0CEAU4D8,6,6.101,2,RD,3.0,0
A1N7OG0CEAU4D8,7,7.501,4,SQL,4.0,1
A1N7OG0CEAU4D8,8,4.125,4,RD,4.0,1
A1N7OG0CEAU4D8,9,6.007,4,SQL,3.0,0
A1N7OG0CEAU4D8,10,5.411,4,RD,4.0,1
A1N7OG0CEAU4D8,11,9.277,3,SQL,4.0,0
A1N7OG0CEAU4D8,12,4.68,3,RD,2.0,0
A1N7OG0CEAU4D8,13,5.234,1,SQL,1.0,1
A1N7OG0CEAU4D8,14,8.275,2,RD,3.0,0
A1N7OG0CEAU4D8,15,3.997,2,SQL,1.0,0
A1N7OG0CEAU4D8,16,6.383,1,RD,1.0,1
A1N7OG0CEAU4D8,17,7.189,2,SQL,2.0,1
A1N7OG0CEAU4D8,18,4.62,4,RD,4.0,1
A1N7OG0CEAU4D8,19,4.709,4,SQL,3.0,0
A1N7OG0CEAU4D8,20,6.25,2,RD,3.0,0
A1N7OG0CEAU4D8,21,6.305,4,SQL,4.0,1
A1N7OG0CEAU4D8,22,6.413,3,RD,3.0,1
A1N7OG0CEAU4D8,23,4.882,1,SQL,2.0,0
A1N7OG0CEAU4D8,24,6.547,3,RD,2.0,0
A1N7OG0CEAU4D8,25,4.835,3,SQL,2.0,0
A1N7OG0CEAU4D8,26,4.727,2,RD,3.0,0
A1N7OG0CEAU4D8,27,3.921,1,SQL,1.0,1
A1N7OG0CEAU4D8,28,4.1,4,RD,4.0,1
A1N7OG0CEAU4D8,29,3.882,3,SQL,4.0,0
A1N7OG0CEAU4D8,30,3.987,1,RD,1.0,1
A1N7OG0CEAU4D8,31,5.376,2,SQL,2.0,1
A1N7OG0CEAU4D8,32,5.082,1,RD,1.0,1
A1NZFJHVJ9CNTO,1,2.652,2,SQL,2.0,1
A1NZFJHVJ9CNTO,2,5.046,2,RD,4.0,0
A1NZFJHVJ9CNTO,3,5.698,4,SQL,2.0,0
A1NZFJHVJ9CNTO,4,1.789,2,RD,1.0,0
A1NZFJHVJ9CNTO,5,1.558,1,SQL,3.0,0
A1NZFJHVJ9CNTO,6,1.886,3,RD,2.0,0
A1NZFJHVJ9CNTO,7,1.986,4,SQL,1.0,0
A1NZFJHVJ9CNTO,8,3.422,3,RD,4.0,0
A1NZFJHVJ9CNTO,9,1.714,3,SQL,2.0,0
A1NZFJHVJ9CNTO,10,1.222,4,RD,4.0,1
A1NZFJHVJ9CNTO,11,1.486,3,SQL,2.0,0
A1NZFJHVJ9CNTO,12,1.42,4,RD,3.0,0
A1NZFJHVJ9CNTO,13,1.816,2,SQL,2.0,1
A1NZFJHVJ9CNTO,14,1.504,1,RD,3.0,0
A1NZFJHVJ9CNTO,15,1.484,1,SQL,1.0,1
A1NZFJHVJ9CNTO,16,2.08,1,RD,3.0,0
A1NZFJHVJ9CNTO,17,1.585,3,SQL,2.0,0
A1NZFJHVJ9CNTO,18,1.537,3,RD,3.0,1
A1NZFJHVJ9CNTO,19,1.62,2,SQL,2.0,1
A1NZFJHVJ9CNTO,20,1.32,4,RD,4.0,1
A1NZFJHVJ9CNTO,21,1.377,3,SQL,1.0,0
A1NZFJHVJ9CNTO,22,1.332,1,RD,4.0,0
A1NZFJHVJ9CNTO,23,1.725,4,SQL,2.0,0
A1NZFJHVJ9CNTO,24,1.636,1,RD,3.0,0
A1NZFJHVJ9CNTO,25,1.731,1,SQL,1.0,1
A1NZFJHVJ9CNTO,26,1.291,2,RD,4.0,0
A1NZFJHVJ9CNTO,27,1.679,4,SQL,2.0,0
A1NZFJHVJ9CNTO,28,1.27,3,RD,4.0,0
A1NZFJHVJ9CNTO,29,1.395,2,SQL,4.0,0
A1NZFJHVJ9CNTO,30,1.368,2,RD,4.0,0
A1NZFJHVJ9CNTO,31,1.488,1,SQL,2.0,0
A1NZFJHVJ9CNTO,32,1.403,4,RD,4.0,1
A1QUBLZCONL4QD,1,52.981,1,RD,1.0,1
A1QUBLZCONL4QD,2,27.674,2,SQL,1.0,0
A1QUBLZCONL4QD,3,74.995,2,RD,2.0,1
A1QUBLZCONL4QD,4,143.566,3,SQL,3.0,1
A1QUBLZCONL4QD,5,15.046,3,RD,1.0,0
A1QUBLZCONL4QD,6,7.44,4,SQL,3.0,0
A1QUBLZCONL4QD,7,6.452,1,RD,1.0,1
A1QUBLZCONL4QD,8,5.93,1,SQL,1.0,1
A1QUBLZCONL4QD,9,9.669,4,RD,1.0,0
A1QUBLZCONL4QD,10,58.634,2,SQL,3.0,0
A1QUBLZCONL4QD,11,9.831,4,RD,4.0,1
A1QUBLZCONL4QD,12,11.527,3,SQL,4.0,0
A1QUBLZCONL4QD,13,10.259,3,RD,1.0,0
A1QUBLZCONL4QD,14,115.014,4,SQL,3.0,0
A1QUBLZCONL4QD,15,19.573,2,RD,1.0,0
A1QUBLZCONL4QD,16,116.882,1,SQL,2.0,0
A1QUBLZCONL4QD,17,149.463,4,RD,3.0,0
A1QUBLZCONL4QD,18,39.68,1,SQL,1.0,1
A1QUBLZCONL4QD,19,24.753,2,RD,2.0,1
A1QUBLZCONL4QD,20,14.327,2,SQL,3.0,0
A1QUBLZCONL4QD,21,756.97,4,RD,1.0,0
A1QUBLZCONL4QD,22,11.926,3,SQL,1.0,0
A1QUBLZCONL4QD,23,8.95,1,RD,2.0,0
A1QUBLZCONL4QD,24,4.312,4,SQL,1.0,0
A1QUBLZCONL4QD,25,6.723,3,RD,4.0,0
A1QUBLZCONL4QD,26,4.443,2,SQL,1.0,0
A1QUBLZCONL4QD,27,3.152,1,RD,3.0,0
A1QUBLZCONL4QD,28,5.868,4,SQL,1.0,0
A1QUBLZCONL4QD,29,4.531,2,RD,3.0,0
A1QUBLZCONL4QD,30,3.785,1,SQL,2.0,0
A1QUBLZCONL4QD,31,7.979,3,RD,1.0,0
A1QUBLZCONL4QD,32,4.07,3,SQL,2.0,0
A1RNCPEIX8NRAY,1,35.618,4,SQL,1.0,0
A1RNCPEIX8NRAY,2,21.886,1,RD,3.0,0
A1RNCPEIX8NRAY,3,7.593,2,SQL,4.0,0
A1RNCPEIX8NRAY,4,10.628,3,RD,4.0,0
A1RNCPEIX8NRAY,5,10.805,3,SQL,1.0,0
A1RNCPEIX8NRAY,6,6.556,4,RD,4.0,1
A1RNCPEIX8NRAY,7,7.016,1,SQL,4.0,0
A1RNCPEIX8NRAY,8,25.707,3,RD,2.0,0
A1RNCPEIX8NRAY,9,21.252,1,SQL,4.0,0
A1RNCPEIX8NRAY,10,9.156,2,RD,3.0,0
A1RNCPEIX8NRAY,11,4.17,4,SQL,4.0,1
A1RNCPEIX8NRAY,12,9.029,2,RD,1.0,0
A1RNCPEIX8NRAY,13,9.341,2,SQL,1.0,0
A1RNCPEIX8NRAY,14,5.947,4,RD,3.0,0
A1RNCPEIX8NRAY,15,5.171,3,SQL,2.0,0
A1RNCPEIX8NRAY,16,2.362,1,RD,1.0,1
A1RNCPEIX8NRAY,17,3.583,2,SQL,4.0,0
A1RNCPEIX8NRAY,18,4.254,2,RD,2.0,1
A1RNCPEIX8NRAY,19,5.802,3,SQL,1.0,0
A1RNCPEIX8NRAY,20,4.125,4,RD,4.0,1
A1RNCPEIX8NRAY,21,5.545,1,SQL,3.0,0
A1RNCPEIX8NRAY,22,6.493,1,RD,3.0,0
A1RNCPEIX8NRAY,23,4.057,3,SQL,4.0,0
A1RNCPEIX8NRAY,24,7.722,3,RD,2.0,0
A1RNCPEIX8NRAY,25,3.818,4,SQL,3.0,0
A1RNCPEIX8NRAY,26,3.219,2,RD,1.0,0
A1RNCPEIX8NRAY,27,3.895,1,SQL,4.0,0
A1RNCPEIX8NRAY,28,6.573,4,RD,1.0,0
A1RNCPEIX8NRAY,29,3.126,2,SQL,2.0,1
A1RNCPEIX8NRAY,30,5.187,3,RD,4.0,0
A1RNCPEIX8NRAY,31,3.475,4,SQL,2.0,0
A1RNCPEIX8NRAY,32,3.898,1,RD,1.0,1
A1S6MD894UBVOE,1,334.758,3,SQL,1.0,0
A1S6MD894UBVOE,2,5.984,1,RD,2.0,0
A1S6MD894UBVOE,3,4.566,4,SQL,3.0,0
A1S6MD894UBVOE,4,3.635,4,RD,4.0,1
A1S6MD894UBVOE,5,9.835,3,SQL,1.0,0
A1S6MD894UBVOE,6,6.71,1,RD,3.0,0
A1S6MD894UBVOE,7,2.558,1,SQL,4.0,0
A1S6MD894UBVOE,8,5.382,3,RD,3.0,1
A1S6MD894UBVOE,9,4.503,2,SQL,2.0,1
A1S6MD894UBVOE,10,3.658,3,RD,4.0,0
A1S6MD894UBVOE,11,5.718,2,SQL,1.0,0
A1S6MD894UBVOE,12,4.196,4,RD,4.0,1
A1S6MD894UBVOE,13,4.615,4,SQL,2.0,0
A1S6MD894UBVOE,14,4.615,2,RD,4.0,0
A1S6MD894UBVOE,15,2.738,1,SQL,2.0,0
A1S6MD894UBVOE,16,5.118,2,RD,3.0,0
A1S6MD894UBVOE,17,6.985,3,SQL,1.0,0
A1S6MD894UBVOE,18,2.79,2,RD,3.0,0
A1S6MD894UBVOE,19,3.449,4,SQL,4.0,1
A1S6MD894UBVOE,20,3.763,1,RD,2.0,0
A1S6MD894UBVOE,21,6.364,2,SQL,4.0,0
A1S6MD894UBVOE,22,3.87,4,RD,2.0,0
A1S6MD894UBVOE,23,3.062,3,SQL,1.0,0
A1S6MD894UBVOE,24,2.354,4,RD,4.0,1
A1S6MD894UBVOE,25,3.589,1,SQL,3.0,0
A1S6MD894UBVOE,26,3.149,3,RD,1.0,0
A1S6MD894UBVOE,27,2.634,2,SQL,3.0,0
A1S6MD894UBVOE,28,4.415,2,RD,1.0,0
A1S6MD894UBVOE,29,2.767,4,SQL,3.0,0
A1S6MD894UBVOE,30,2.225,3,RD,2.0,0
A1S6MD894UBVOE,31,2.977,1,SQL,4.0,0
A1S6MD894UBVOE,32,3.006,1,RD,3.0,0
A1SN7EOZUW5VP3,1,49.87,1,SQL,1.0,1
A1SN7EOZUW5VP3,2,62.989,3,RD,2.0,0
A1SN7EOZUW5VP3,3,16.86,3,SQL,3.0,1
A1SN7EOZUW5VP3,4,11.157,2,RD,2.0,1
A1SN7EOZUW5VP3,5,18.536,2,SQL,1.0,0
A1SN7EOZUW5VP3,6,4.278,2,RD,2.0,1
A1SN7EOZUW5VP3,7,31.982,3,SQL,1.0,0
A1SN7EOZUW5VP3,8,6.589,4,RD,4.0,1
A1SN7EOZUW5VP3,9,15.183,4,SQL,1.0,0
A1SN7EOZUW5VP3,10,4.377,4,RD,4.0,1
A1SN7EOZUW5VP3,11,17.035,2,SQL,2.0,1
A1SN7EOZUW5VP3,12,6.211,1,RD,1.0,1
A1SN7EOZUW5VP3,13,17.309,1,SQL,4.0,0
A1SN7EOZUW5VP3,14,3.727,3,RD,3.0,1
A1SN7EOZUW5VP3,15,89.015,4,SQL,2.0,0
A1SN7EOZUW5VP3,16,3.341,1,RD,1.0,1
A1SN7EOZUW5VP3,17,3.058,4,SQL,4.0,1
A1SN7EOZUW5VP3,18,19.771,3,RD,3.0,1
A1SN7EOZUW5VP3,19,9.9,1,SQL,1.0,1
A1SN7EOZUW5VP3,20,4.296,1,RD,1.0,1
A1SN7EOZUW5VP3,21,8.005,4,SQL,2.0,0
A1SN7EOZUW5VP3,22,3.465,2,RD,3.0,0
A1SN7EOZUW5VP3,23,2.89,3,SQL,2.0,0
A1SN7EOZUW5VP3,24,3.061,1,RD,1.0,1
A1SN7EOZUW5VP3,25,4.555,1,SQL,1.0,1
A1SN7EOZUW5VP3,26,12.588,2,RD,2.0,1
A1SN7EOZUW5VP3,27,18.721,2,SQL,2.0,1
A1SN7EOZUW5VP3,28,5.26,4,RD,3.0,0
A1SN7EOZUW5VP3,29,13.728,3,SQL,4.0,0
A1SN7EOZUW5VP3,30,3.529,3,RD,2.0,0
A1SN7EOZUW5VP3,31,13.401,2,SQL,2.0,1
A1SN7EOZUW5VP3,32,3.35,4,RD,4.0,1
A1T579QEGUZKIP,1,141.563,4,RD,2.0,0
A1T579QEGUZKIP,2,91.391,4,SQL,1.0,0
A1T579QEGUZKIP,3,45.174,2,RD,2.0,1
A1T579QEGUZKIP,4,42.51,3,SQL,4.0,0
A1T579QEGUZKIP,5,18.512,1,RD,1.0,1
A1T579QEGUZKIP,6,148.099,4,SQL,3.0,0
A1T579QEGUZKIP,7,20.856,1,RD,1.0,1
A1T579QEGUZKIP,8,17.625,2,SQL,2.0,1
A1T579QEGUZKIP,9,25.277,4,RD,4.0,1
A1T579QEGUZKIP,10,16.688,1,SQL,1.0,1
A1T579QEGUZKIP,11,15.705,3,RD,3.0,1
A1T579QEGUZKIP,12,14.303,2,SQL,2.0,1
A1T579QEGUZKIP,13,14.184,3,RD,3.0,1
A1T579QEGUZKIP,14,11.162,1,SQL,1.0,1
A1T579QEGUZKIP,15,9.488,2,RD,2.0,1
A1T579QEGUZKIP,16,23.608,3,SQL,2.0,0
A1T579QEGUZKIP,17,8.913,2,RD,2.0,1
A1T579QEGUZKIP,18,19.564,4,SQL,4.0,1
A1T579QEGUZKIP,19,12.427,3,RD,3.0,1
A1T579QEGUZKIP,20,29.158,3,SQL,3.0,1
A1T579QEGUZKIP,21,10.801,1,RD,1.0,1
A1T579QEGUZKIP,22,17.582,3,SQL,2.0,0
A1T579QEGUZKIP,23,5.139,1,RD,1.0,1
A1T579QEGUZKIP,24,91.446,1,SQL,1.0,1
A1T579QEGUZKIP,25,10.864,3,RD,3.0,1
A1T579QEGUZKIP,26,10.866,2,SQL,2.0,1
A1T579QEGUZKIP,27,15.568,2,RD,2.0,1
A1T579QEGUZKIP,28,12.539,4,SQL,4.0,1
A1T579QEGUZKIP,29,9.606,4,RD,4.0,1
A1T579QEGUZKIP,30,10.197,2,SQL,2.0,1
A1T579QEGUZKIP,31,9.201,4,RD,4.0,1
A1T579QEGUZKIP,32,13.244,1,SQL,1.0,1
A1TH9QF8FD0SF5,1,27.992,2,RD,1.0,0
A1TH9QF8FD0SF5,2,4.592,2,SQL,3.0,0
A1TH9QF8FD0SF5,3,2.172,1,RD,2.0,0
A1TH9QF8FD0SF5,4,2.582,1,SQL,1.0,1
A1TH9QF8FD0SF5,5,9.397,3,RD,3.0,1
A1TH9QF8FD0SF5,6,5.564,2,SQL,3.0,0
A1TH9QF8FD0SF5,7,11.652,4,RD,1.0,0
A1TH9QF8FD0SF5,8,8.888,4,SQL,4.0,1
A1TH9QF8FD0SF5,9,8.335,3,RD,2.0,0
A1TH9QF8FD0SF5,10,3.373,4,SQL,3.0,0
A1TH9QF8FD0SF5,11,3.051,2,RD,4.0,0
A1TH9QF8FD0SF5,12,2.692,1,SQL,2.0,0
A1TH9QF8FD0SF5,13,3.246,1,RD,1.0,1
A1TH9QF8FD0SF5,14,8.519,3,SQL,3.0,1
A1TH9QF8FD0SF5,15,6.118,4,RD,1.0,0
A1TH9QF8FD0SF5,16,11.071,3,SQL,1.0,0
A1TH9QF8FD0SF5,17,5.463,2,RD,4.0,0
A1TH9QF8FD0SF5,18,3.158,3,SQL,2.0,0
A1TH9QF8FD0SF5,19,2.237,4,RD,3.0,0
A1TH9QF8FD0SF5,20,3.351,1,SQL,4.0,0
A1TH9QF8FD0SF5,21,2.646,3,RD,1.0,0
A1TH9QF8FD0SF5,22,8.087,1,SQL,1.0,1
A1TH9QF8FD0SF5,23,5.222,2,RD,2.0,1
A1TH9QF8FD0SF5,24,5.311,4,SQL,1.0,0
A1TH9QF8FD0SF5,25,3.386,4,RD,1.0,0
A1TH9QF8FD0SF5,26,8.711,2,SQL,3.0,0
A1TH9QF8FD0SF5,27,8.039,1,RD,3.0,0
A1TH9QF8FD0SF5,28,5.415,4,SQL,1.0,0
A1TH9QF8FD0SF5,29,3.406,1,RD,4.0,0
A1TH9QF8FD0SF5,30,32.184,2,SQL,1.0,0
A1TH9QF8FD0SF5,31,101.961,3,RD,3.0,1
A1TH9QF8FD0SF5,32,3.426,3,SQL,3.0,1
A1ULLCVPGXBYUB,1,369.012,2,SQL,2.0,1
A1ULLCVPGXBYUB,2,23.295,2,RD,4.0,0
A1ULLCVPGXBYUB,3,31.917,3,SQL,3.0,1
A1ULLCVPGXBYUB,4,22.221,4,RD,4.0,1
A1ULLCVPGXBYUB,5,8.959,4,SQL,4.0,1
A1ULLCVPGXBYUB,6,12.046,4,RD,4.0,1
A1ULLCVPGXBYUB,7,13.094,1,SQL,1.0,1
A1ULLCVPGXBYUB,8,26.64,2,RD,2.0,1
A1ULLCVPGXBYUB,9,12.425,2,SQL,2.0,1
A1ULLCVPGXBYUB,10,30.796,1,RD,1.0,1
A1ULLCVPGXBYUB,11,9.907,3,SQL,3.0,1
A1ULLCVPGXBYUB,12,7.021,1,RD,1.0,1
A1ULLCVPGXBYUB,13,12.313,4,SQL,4.0,1
A1ULLCVPGXBYUB,14,8.686,3,RD,3.0,1
A1ULLCVPGXBYUB,15,17.626,1,SQL,1.0,1
A1ULLCVPGXBYUB,16,6.719,3,RD,3.0,1
A1ULLCVPGXBYUB,17,8.135,2,SQL,2.0,1
A1ULLCVPGXBYUB,18,8.919,1,RD,1.0,1
A1ULLCVPGXBYUB,19,14.301,2,SQL,2.0,1
A1ULLCVPGXBYUB,20,11.158,1,RD,1.0,1
A1ULLCVPGXBYUB,21,14.718,3,SQL,3.0,1
A1ULLCVPGXBYUB,22,13.846,2,RD,2.0,1
A1ULLCVPGXBYUB,23,9.421,1,SQL,1.0,1
A1ULLCVPGXBYUB,24,11.797,4,RD,4.0,1
A1ULLCVPGXBYUB,25,11.086,1,SQL,1.0,1
A1ULLCVPGXBYUB,26,9.415,3,RD,3.0,1
A1ULLCVPGXBYUB,27,17.807,3,SQL,3.0,1
A1ULLCVPGXBYUB,28,6.838,4,RD,4.0,1
A1ULLCVPGXBYUB,29,8.15,4,SQL,4.0,1
A1ULLCVPGXBYUB,30,6.789,3,RD,3.0,1
A1ULLCVPGXBYUB,31,9.236,4,SQL,4.0,1
A1ULLCVPGXBYUB,32,12.304,2,RD,2.0,1
A1V5PTNMEAE0HG,1,27.22,1,RD,1.0,1
A1V5PTNMEAE0HG,2,30.467,4,SQL,3.0,0
A1V5PTNMEAE0HG,3,17.475,2,RD,1.0,0
A1V5PTNMEAE0HG,4,17.456,1,SQL,3.0,0
A1V5PTNMEAE0HG,5,109.515,4,RD,4.0,1
A1V5PTNMEAE0HG,6,12.213,3,SQL,1.0,0
A1V5PTNMEAE0HG,7,8.951,2,RD,1.0,0
A1V5PTNMEAE0HG,8,27.343,1,SQL,1.0,1
A1V5PTNMEAE0HG,9,11.697,3,RD,3.0,1
A1V5PTNMEAE0HG,10,5.597,3,SQL,4.0,0
A1V5PTNMEAE0HG,11,34.185,4,RD,1.0,0
A1V5PTNMEAE0HG,12,33.319,2,SQL,2.0,1
A1V5PTNMEAE0HG,13,45.35,1,RD,1.0,1
A1V5PTNMEAE0HG,14,29.797,2,SQL,2.0,1
A1V5PTNMEAE0HG,15,11.244,3,RD,3.0,1
A1V5PTNMEAE0HG,16,14.492,4,SQL,4.0,1
A1V5PTNMEAE0HG,17,10.593,1,RD,1.0,1
A1V5PTNMEAE0HG,18,14.84,2,SQL,2.0,1
A1V5PTNMEAE0HG,19,13.437,4,RD,4.0,1
A1V5PTNMEAE0HG,20,12.73,2,SQL,2.0,1
A1V5PTNMEAE0HG,21,11.225,1,RD,1.0,1
A1V5PTNMEAE0HG,22,12.142,3,SQL,3.0,1
A1V5PTNMEAE0HG,23,14.994,2,RD,2.0,1
A1V5PTNMEAE0HG,24,9.645,4,SQL,4.0,1
A1V5PTNMEAE0HG,25,6.804,3,RD,3.0,1
A1V5PTNMEAE0HG,26,11.581,3,SQL,4.0,0
A1V5PTNMEAE0HG,27,8.865,4,RD,4.0,1
A1V5PTNMEAE0HG,28,9.563,4,SQL,4.0,1
A1V5PTNMEAE0HG,29,10.082,3,RD,3.0,1
A1V5PTNMEAE0HG,30,11.062,1,SQL,1.0,1
A1V5PTNMEAE0HG,31,12.807,2,RD,2.0,1
A1V5PTNMEAE0HG,32,0.087,1,SQL,2.0,0
A1VAY63KMNJS8O,1,13.205,4,SQL,1.0,0
A1VAY63KMNJS8O,2,10.682,1,RD,4.0,0
A1VAY63KMNJS8O,3,6.679,3,SQL,1.0,0
A1VAY63KMNJS8O,4,3.832,3,RD,2.0,0
A1VAY63KMNJS8O,5,3.311,2,SQL,4.0,0
A1VAY63KMNJS8O,6,676.793,1,RD,1.0,1
A1VAY63KMNJS8O,7,19.093,1,SQL,1.0,1
A1VAY63KMNJS8O,8,6.424,2,RD,1.0,0
A1VAY63KMNJS8O,9,4.724,2,SQL,2.0,1
A1VAY63KMNJS8O,10,9.099,4,RD,3.0,0
A1VAY63KMNJS8O,11,4.511,1,SQL,4.0,0
A1VAY63KMNJS8O,12,41.264,3,RD,1.0,0
A1VAY63KMNJS8O,13,6.444,3,SQL,3.0,1
A1VAY63KMNJS8O,14,93.81,2,RD,1.0,0
A1VAY63KMNJS8O,15,5.015,4,SQL,2.0,0
A1VAY63KMNJS8O,16,12.106,4,RD,1.0,0
A1VAY63KMNJS8O,17,8.385,4,SQL,4.0,1
A1VAY63KMNJS8O,18,13.856,1,RD,2.0,0
A1VAY63KMNJS8O,19,9.681,2,SQL,1.0,0
A1VAY63KMNJS8O,20,16.414,3,RD,1.0,0
A1VAY63KMNJS8O,21,7.181,3,SQL,3.0,1
A1VAY63KMNJS8O,22,8.873,2,RD,1.0,0
A1VAY63KMNJS8O,23,4.539,4,SQL,2.0,0
A1VAY63KMNJS8O,24,16.942,4,RD,3.0,0
A1VAY63KMNJS8O,25,8.599,2,SQL,4.0,0
A1VAY63KMNJS8O,26,43.64,4,RD,1.0,0
A1VAY63KMNJS8O,27,8.439,1,SQL,4.0,0
A1VAY63KMNJS8O,28,9.564,2,RD,1.0,0
A1VAY63KMNJS8O,29,20.154,3,SQL,3.0,1
A1VAY63KMNJS8O,30,12.307,1,RD,1.0,1
A1VAY63KMNJS8O,31,14.617,1,SQL,1.0,1
A1VAY63KMNJS8O,32,8.477,3,RD,1.0,0
A1ZVHIDKZD0S31,1,2.961,4,RD,2.0,0
A1ZVHIDKZD0S31,2,17.505,1,SQL,1.0,1
A1ZVHIDKZD0S31,3,7.578,2,RD,1.0,0
A1ZVHIDKZD0S31,4,3.549,4,SQL,3.0,0
A1ZVHIDKZD0S31,5,3.985,3,RD,4.0,0
A1ZVHIDKZD0S31,6,2.693,3,SQL,2.0,0
A1ZVHIDKZD0S31,7,6.252,3,RD,1.0,0
A1ZVHIDKZD0S31,8,8.462,2,SQL,4.0,0
A1ZVHIDKZD0S31,9,2.822,1,RD,2.0,0
A1ZVHIDKZD0S31,10,3.378,1,SQL,2.0,0
A1ZVHIDKZD0S31,11,3.134,1,RD,3.0,0
A1ZVHIDKZD0S31,12,9.265,4,SQL,3.0,0
A1ZVHIDKZD0S31,13,5.235,4,RD,4.0,1
A1ZVHIDKZD0S31,14,2.751,2,SQL,4.0,0
A1ZVHIDKZD0S31,15,4.738,2,RD,1.0,0
A1ZVHIDKZD0S31,16,2.47,3,SQL,3.0,1
A1ZVHIDKZD0S31,17,3.194,4,RD,2.0,0
A1ZVHIDKZD0S31,18,2.968,4,SQL,3.0,0
A1ZVHIDKZD0S31,19,2.827,4,RD,4.0,1
A1ZVHIDKZD0S31,20,6.622,1,SQL,4.0,0
A1ZVHIDKZD0S31,21,45.507,1,RD,3.0,0
A1ZVHIDKZD0S31,22,3.821,2,SQL,2.0,1
A1ZVHIDKZD0S31,23,2.147,3,RD,3.0,1
A1ZVHIDKZD0S31,24,2.572,1,SQL,1.0,1
A1ZVHIDKZD0S31,25,2.42,2,RD,3.0,0
A1ZVHIDKZD0S31,26,2.453,3,SQL,3.0,1
A1ZVHIDKZD0S31,27,2.275,1,RD,4.0,0
A1ZVHIDKZD0S31,28,2.498,3,SQL,2.0,0
A1ZVHIDKZD0S31,29,2.964,3,RD,3.0,1
A1ZVHIDKZD0S31,30,3.948,4,SQL,4.0,1
A1ZVHIDKZD0S31,31,3.841,2,RD,1.0,0
A1ZVHIDKZD0S31,32,6.268,2,SQL,1.0,0
A2359HAKF0V3VR,1,222.737,4,RD,4.0,1
A2359HAKF0V3VR,2,66.648,2,SQL,2.0,1
A2359HAKF0V3VR,3,92.433,1,RD,1.0,1
A2359HAKF0V3VR,4,14.159,1,SQL,1.0,1
A2359HAKF0V3VR,5,10.322,2,RD,2.0,1
A2359HAKF0V3VR,6,17.034,3,SQL,3.0,1
A2359HAKF0V3VR,7,10.144,3,RD,3.0,1
A2359HAKF0V3VR,8,9.342,1,SQL,1.0,1
A2359HAKF0V3VR,9,5.994,3,RD,3.0,1
A2359HAKF0V3VR,10,14.529,2,SQL,2.0,1
A2359HAKF0V3VR,11,8.156,1,RD,1.0,1
A2359HAKF0V3VR,12,18.26,4,SQL,4.0,1
A2359HAKF0V3VR,13,7.885,2,RD,2.0,1
A2359HAKF0V3VR,14,8.003,4,SQL,4.0,1
A2359HAKF0V3VR,15,4.848,4,RD,4.0,1
A2359HAKF0V3VR,16,12.264,3,SQL,3.0,1
A2359HAKF0V3VR,17,11.095,2,RD,2.0,1
A2359HAKF0V3VR,18,8.873,4,SQL,4.0,1
A2359HAKF0V3VR,19,11.368,3,RD,3.0,1
A2359HAKF0V3VR,20,8.433,1,SQL,1.0,1
A2359HAKF0V3VR,21,8.924,2,RD,2.0,1
A2359HAKF0V3VR,22,12.496,3,SQL,3.0,1
A2359HAKF0V3VR,23,7.437,4,RD,4.0,1
A2359HAKF0V3VR,24,13.764,4,SQL,4.0,1
A2359HAKF0V3VR,25,9.915,1,RD,1.0,1
A2359HAKF0V3VR,26,9.223,1,SQL,1.0,1
A2359HAKF0V3VR,27,7.196,4,RD,4.0,1
A2359HAKF0V3VR,28,12.004,2,SQL,2.0,1
A2359HAKF0V3VR,29,6.287,1,RD,1.0,1
A2359HAKF0V3VR,30,12.63,2,SQL,2.0,1
A2359HAKF0V3VR,31,6.96,3,RD,3.0,1
A2359HAKF0V3VR,32,10.362,3,SQL,3.0,1
A23YA7CE7IYZS0,1,11.201,3,RD,1.0,0
A23YA7CE7IYZS0,2,6.751,4,SQL,2.0,0
A23YA7CE7IYZS0,3,6.21,1,RD,3.0,0
A23YA7CE7IYZS0,4,3.609,1,SQL,4.0,0
A23YA7CE7IYZS0,5,3.135,3,RD,2.0,0
A23YA7CE7IYZS0,6,4.19,3,SQL,4.0,0
A23YA7CE7IYZS0,7,3.673,2,RD,1.0,0
A23YA7CE7IYZS0,8,3.512,4,SQL,2.0,0
A23YA7CE7IYZS0,9,1.984,2,RD,3.0,0
A23YA7CE7IYZS0,10,10.934,1,SQL,2.0,0
A23YA7CE7IYZS0,11,3.921,4,RD,4.0,1
A23YA7CE7IYZS0,12,3.494,2,SQL,2.0,1
A23YA7CE7IYZS0,13,3.291,4,RD,3.0,0
A23YA7CE7IYZS0,14,3.729,3,SQL,1.0,0
A23YA7CE7IYZS0,15,3.038,1,RD,3.0,0
A23YA7CE7IYZS0,16,4.476,2,SQL,2.0,1
A23YA7CE7IYZS0,17,3.15,1,RD,4.0,0
A23YA7CE7IYZS0,18,4.038,3,SQL,3.0,1
A23YA7CE7IYZS0,19,3.012,2,RD,1.0,0
A23YA7CE7IYZS0,20,3.277,2,SQL,4.0,0
A23YA7CE7IYZS0,21,1.879,3,RD,1.0,0
A23YA7CE7IYZS0,22,3.024,1,SQL,4.0,0
A23YA7CE7IYZS0,23,2.981,1,RD,4.0,0
A23YA7CE7IYZS0,24,3.179,4,SQL,4.0,1
A23YA7CE7IYZS0,25,1.888,3,RD,4.0,0
A23YA7CE7IYZS0,26,3.166,3,SQL,2.0,0
A23YA7CE7IYZS0,27,1.968,4,RD,2.0,0
A23YA7CE7IYZS0,28,3.489,2,SQL,2.0,1
A23YA7CE7IYZS0,29,3.248,4,RD,1.0,0
A23YA7CE7IYZS0,30,3.287,1,SQL,2.0,0
A23YA7CE7IYZS0,31,2.961,2,RD,3.0,0
A23YA7CE7IYZS0,32,2.658,4,SQL,1.0,0
A24DDBX1GSUK9H,1,,3,RD,,0
A24DDBX1GSUK9H,2,,1,SQL,,0
A24DDBX1GSUK9H,3,,2,RD,,0
A24DDBX1GSUK9H,4,,2,SQL,,0
A24DDBX1GSUK9H,5,,1,RD,,0
A24DDBX1GSUK9H,6,,3,SQL,,0
A24DDBX1GSUK9H,7,,4,RD,,0
A24DDBX1GSUK9H,8,,1,SQL,,0
A24DDBX1GSUK9H,9,6.822,4,RD,2.0,0
A24DDBX1GSUK9H,10,7.072,3,SQL,3.0,1
A24DDBX1GSUK9H,11,2.797,1,RD,2.0,0
A24DDBX1GSUK9H,12,2.602,4,SQL,1.0,0
A24DDBX1GSUK9H,13,1.966,3,RD,4.0,0
A24DDBX1GSUK9H,14,2.872,2,SQL,2.0,1
A24DDBX1GSUK9H,15,2.262,2,RD,4.0,0
A24DDBX1GSUK9H,16,2.279,4,SQL,1.0,0
A24DDBX1GSUK9H,17,2.215,4,RD,3.0,0
A24DDBX1GSUK9H,18,2.254,2,SQL,1.0,0
A24DDBX1GSUK9H,19,2.911,3,RD,3.0,1
A24DDBX1GSUK9H,20,3.207,3,SQL,4.0,0
A24DDBX1GSUK9H,21,2.744,1,RD,1.0,1
A24DDBX1GSUK9H,22,2.856,3,SQL,2.0,0
A24DDBX1GSUK9H,23,2.855,3,RD,3.0,1
A24DDBX1GSUK9H,24,2.409,2,SQL,1.0,0
A24DDBX1GSUK9H,25,2.164,2,RD,4.0,0
A24DDBX1GSUK9H,26,2.34,1,SQL,2.0,0
A24DDBX1GSUK9H,27,2.325,4,RD,3.0,0
A24DDBX1GSUK9H,28,2.838,4,SQL,1.0,0
A24DDBX1GSUK9H,29,2.037,1,RD,4.0,0
A24DDBX1GSUK9H,30,2.684,4,SQL,2.0,0
A24DDBX1GSUK9H,31,2.177,2,RD,3.0,0
A24DDBX1GSUK9H,32,2.382,1,SQL,1.0,1
A25UGC7H3WNAYL,1,239.846,4,SQL,4.0,1
A25UGC7H3WNAYL,2,45.547,1,RD,1.0,1
A25UGC7H3WNAYL,3,94.91,4,SQL,3.0,0
A25UGC7H3WNAYL,4,26.276,4,RD,4.0,1
A25UGC7H3WNAYL,5,136.004,1,SQL,3.0,0
A25UGC7H3WNAYL,6,46.991,3,RD,3.0,1
A25UGC7H3WNAYL,7,36.78,2,SQL,1.0,0
A25UGC7H3WNAYL,8,10.866,3,RD,3.0,1
A25UGC7H3WNAYL,9,48.154,3,SQL,2.0,0
A25UGC7H3WNAYL,10,20.089,2,RD,2.0,1
A25UGC7H3WNAYL,11,15.106,1,SQL,1.0,1
A25UGC7H3WNAYL,12,30.09,2,RD,2.0,1
A25UGC7H3WNAYL,13,79.367,3,SQL,2.0,0
A25UGC7H3WNAYL,14,4.613,1,RD,1.0,1
A25UGC7H3WNAYL,15,22.442,2,SQL,2.0,1
A25UGC7H3WNAYL,16,8.486,4,RD,4.0,1
A25UGC7H3WNAYL,17,41.86,3,SQL,3.0,1
A25UGC7H3WNAYL,18,3.668,4,RD,4.0,1
A25UGC7H3WNAYL,19,7.875,4,SQL,4.0,1
A25UGC7H3WNAYL,20,4.509,1,RD,1.0,1
A25UGC7H3WNAYL,21,4.374,2,SQL,2.0,1
A25UGC7H3WNAYL,22,2.838,4,RD,4.0,1
A25UGC7H3WNAYL,23,20.358,4,SQL,3.0,0
A25UGC7H3WNAYL,24,10.957,2,RD,2.0,1
A25UGC7H3WNAYL,25,25.093,2,SQL,1.0,0
A25UGC7H3WNAYL,26,3.766,1,RD,1.0,1
A25UGC7H3WNAYL,27,18.395,1,SQL,2.0,0
A25UGC7H3WNAYL,28,6.457,3,RD,3.0,1
A25UGC7H3WNAYL,29,13.299,3,SQL,4.0,0
A25UGC7H3WNAYL,30,15.583,3,RD,3.0,1
A25UGC7H3WNAYL,31,51.403,1,SQL,1.0,1
A25UGC7H3WNAYL,32,11.254,2,RD,2.0,1
A262TZQ9N1UH9Q,1,11.006,4,RD,1.0,0
A262TZQ9N1UH9Q,2,3.053,3,SQL,2.0,0
A262TZQ9N1UH9Q,3,32.343,2,RD,1.0,0
A262TZQ9N1UH9Q,4,33.234,3,SQL,4.0,0
A262TZQ9N1UH9Q,5,1.781,4,RD,2.0,0
A262TZQ9N1UH9Q,6,3.01,4,SQL,1.0,0
A262TZQ9N1UH9Q,7,2.599,2,RD,3.0,0
A262TZQ9N1UH9Q,8,14.434,4,SQL,1.0,0
A262TZQ9N1UH9Q,9,1.608,1,RD,3.0,0
A262TZQ9N1UH9Q,10,2.535,2,SQL,1.0,0
A262TZQ9N1UH9Q,11,1.684,3,RD,3.0,1
A262TZQ9N1UH9Q,12,3.986,2,SQL,2.0,1
A262TZQ9N1UH9Q,13,83.313,1,RD,3.0,0
A262TZQ9N1UH9Q,14,66.153,1,SQL,2.0,0
A262TZQ9N1UH9Q,15,1.285,3,RD,4.0,0
A262TZQ9N1UH9Q,16,8.875,1,SQL,3.0,0
A262TZQ9N1UH9Q,17,1.481,4,RD,1.0,0
A262TZQ9N1UH9Q,18,2.134,2,SQL,2.0,1
A262TZQ9N1UH9Q,19,2.062,2,RD,3.0,0
A262TZQ9N1UH9Q,20,1.883,1,SQL,1.0,1
A262TZQ9N1UH9Q,21,1.418,3,RD,4.0,0
A262TZQ9N1UH9Q,22,18.099,4,SQL,2.0,0
A262TZQ9N1UH9Q,23,1.432,2,RD,3.0,0
A262TZQ9N1UH9Q,24,2.773,4,SQL,1.0,0
A262TZQ9N1UH9Q,25,2.275,3,RD,1.0,0
A262TZQ9N1UH9Q,26,2.63,3,SQL,2.0,0
A262TZQ9N1UH9Q,27,1.778,1,RD,3.0,0
A262TZQ9N1UH9Q,28,2.202,1,SQL,2.0,0
A262TZQ9N1UH9Q,29,1.746,4,RD,3.0,0
A262TZQ9N1UH9Q,30,2.746,2,SQL,2.0,1
A262TZQ9N1UH9Q,31,1.56,1,RD,3.0,0
A262TZQ9N1UH9Q,32,44.206,3,SQL,2.0,0
A26IZMSMEDBD9N,1,11.253,3,RD,1.0,0
A26IZMSMEDBD9N,2,10.131,4,SQL,2.0,0
A26IZMSMEDBD9N,3,13.266,1,RD,1.0,1
A26IZMSMEDBD9N,4,11.535,3,SQL,3.0,1
A26IZMSMEDBD9N,5,16.567,1,RD,3.0,0
A26IZMSMEDBD9N,6,5.652,1,SQL,3.0,0
A26IZMSMEDBD9N,7,4.207,4,RD,2.0,0
A26IZMSMEDBD9N,8,4.774,4,SQL,1.0,0
A26IZMSMEDBD9N,9,4.291,2,RD,1.0,0
A26IZMSMEDBD9N,10,4.616,1,SQL,4.0,0
A26IZMSMEDBD9N,11,5.666,2,RD,1.0,0
A26IZMSMEDBD9N,12,7.245,2,SQL,2.0,1
A26IZMSMEDBD9N,13,6.241,4,RD,3.0,0
A26IZMSMEDBD9N,14,12.14,3,SQL,3.0,1
A26IZMSMEDBD9N,15,2.518,3,RD,2.0,0
A26IZMSMEDBD9N,16,2.686,2,SQL,1.0,0
A26IZMSMEDBD9N,17,2.132,1,RD,4.0,0
A26IZMSMEDBD9N,18,2.574,1,SQL,1.0,1
A26IZMSMEDBD9N,19,15.272,4,RD,1.0,0
A26IZMSMEDBD9N,20,3.029,4,SQL,4.0,1
A26IZMSMEDBD9N,21,2.981,2,RD,4.0,0
A26IZMSMEDBD9N,22,2.856,3,SQL,2.0,0
A26IZMSMEDBD9N,23,3.142,1,RD,2.0,0
A26IZMSMEDBD9N,24,2.766,2,SQL,4.0,0
A26IZMSMEDBD9N,25,2.799,3,RD,2.0,0
A26IZMSMEDBD9N,26,2.533,1,SQL,3.0,0
A26IZMSMEDBD9N,27,2.634,3,RD,2.0,0
A26IZMSMEDBD9N,28,2.903,4,SQL,4.0,1
A26IZMSMEDBD9N,29,2.613,4,RD,1.0,0
A26IZMSMEDBD9N,30,2.587,3,SQL,1.0,0
A26IZMSMEDBD9N,31,2.303,2,RD,2.0,1
A26IZMSMEDBD9N,32,3.221,2,SQL,3.0,0
A2BL9RQZ9Z609E,1,1645.965,3,SQL,3.0,1
A2BL9RQZ9Z609E,2,93.975,1,RD,1.0,1
A2BL9RQZ9Z609E,3,13.001,4,SQL,1.0,0
A2BL9RQZ9Z609E,4,22.207,4,RD,4.0,1
A2BL9RQZ9Z609E,5,9.845,2,SQL,4.0,0
A2BL9RQZ9Z609E,6,13.069,2,RD,2.0,1
A2BL9RQZ9Z609E,7,11.241,4,SQL,3.0,0
A2BL9RQZ9Z609E,8,11.366,1,RD,3.0,0
A2BL9RQZ9Z609E,9,5.311,2,SQL,1.0,0
A2BL9RQZ9Z609E,10,2.653,3,RD,3.0,1
A2BL9RQZ9Z609E,11,4.786,1,SQL,4.0,0
A2BL9RQZ9Z609E,12,5.545,4,RD,1.0,0
A2BL9RQZ9Z609E,13,4.849,3,SQL,3.0,1
A2BL9RQZ9Z609E,14,5.333,2,RD,1.0,0
A2BL9RQZ9Z609E,15,4.07,1,SQL,3.0,0
A2BL9RQZ9Z609E,16,3.587,3,RD,2.0,0
A2BL9RQZ9Z609E,17,3.469,1,SQL,3.0,0
A2BL9RQZ9Z609E,18,2.842,1,RD,3.0,0
A2BL9RQZ9Z609E,19,2.828,2,SQL,1.0,0
A2BL9RQZ9Z609E,20,4.439,3,RD,3.0,1
A2BL9RQZ9Z609E,21,5.85,1,SQL,3.0,0
A2BL9RQZ9Z609E,22,15.416,4,RD,2.0,0
A2BL9RQZ9Z609E,23,6.81,2,SQL,2.0,1
A2BL9RQZ9Z609E,24,4.097,1,RD,2.0,0
A2BL9RQZ9Z609E,25,5.367,3,SQL,2.0,0
A2BL9RQZ9Z609E,26,6.691,2,RD,2.0,1
A2BL9RQZ9Z609E,27,8.64,4,SQL,2.0,0
A2BL9RQZ9Z609E,28,3.136,2,RD,3.0,0
A2BL9RQZ9Z609E,29,6.777,3,SQL,3.0,1
A2BL9RQZ9Z609E,30,4.173,4,RD,2.0,0
A2BL9RQZ9Z609E,31,3.631,4,SQL,2.0,0
A2BL9RQZ9Z609E,32,2.553,3,RD,3.0,1
A2DU5V4HHGJUQQ,1,15.46,3,SQL,1.0,0
A2DU5V4HHGJUQQ,2,11.617,3,RD,2.0,0
A2DU5V4HHGJUQQ,3,5.94,2,SQL,3.0,0
A2DU5V4HHGJUQQ,4,134.197,4,RD,4.0,1
A2DU5V4HHGJUQQ,5,8.766,1,SQL,2.0,0
A2DU5V4HHGJUQQ,6,7.336,1,RD,1.0,1
A2DU5V4HHGJUQQ,7,5.407,1,SQL,1.0,1
A2DU5V4HHGJUQQ,8,3.99,2,RD,3.0,0
A2DU5V4HHGJUQQ,9,125.222,2,SQL,2.0,1
A2DU5V4HHGJUQQ,10,24.87,3,RD,1.0,0
A2DU5V4HHGJUQQ,11,13.285,4,SQL,3.0,0
A2DU5V4HHGJUQQ,12,332.863,4,RD,4.0,1
A2DU5V4HHGJUQQ,13,36.974,3,SQL,4.0,0
A2DU5V4HHGJUQQ,14,4.802,1,RD,4.0,0
A2DU5V4HHGJUQQ,15,27.903,4,SQL,4.0,1
A2DU5V4HHGJUQQ,16,6.014,2,RD,4.0,0
A2DU5V4HHGJUQQ,17,6.352,1,SQL,1.0,1
A2DU5V4HHGJUQQ,18,2.694,1,RD,2.0,0
A2DU5V4HHGJUQQ,19,4.402,4,SQL,3.0,0
A2DU5V4HHGJUQQ,20,145.417,2,RD,1.0,0
A2DU5V4HHGJUQQ,21,8.19,3,SQL,4.0,0
A2DU5V4HHGJUQQ,22,4.037,4,RD,4.0,1
A2DU5V4HHGJUQQ,23,7.266,2,SQL,2.0,1
A2DU5V4HHGJUQQ,24,6.376,2,RD,1.0,0
A2DU5V4HHGJUQQ,25,3.606,4,SQL,2.0,0
A2DU5V4HHGJUQQ,26,3.313,3,RD,4.0,0
A2DU5V4HHGJUQQ,27,4.302,1,SQL,2.0,0
A2DU5V4HHGJUQQ,28,5.678,3,RD,4.0,0
A2DU5V4HHGJUQQ,29,71.065,2,SQL,2.0,1
A2DU5V4HHGJUQQ,30,14.728,4,RD,4.0,1
A2DU5V4HHGJUQQ,31,5.072,3,SQL,2.0,0
A2DU5V4HHGJUQQ,32,3.981,1,RD,4.0,0
A2FK6782M09EBO,1,65.1,2,RD,2.0,1
A2FK6782M09EBO,2,116.904,2,SQL,2.0,1
A2FK6782M09EBO,3,33.953,3,RD,3.0,1
A2FK6782M09EBO,4,27.034,3,SQL,3.0,1
A2FK6782M09EBO,5,31.915,1,RD,1.0,1
A2FK6782M09EBO,6,38.666,1,SQL,1.0,1
A2FK6782M09EBO,7,20.816,3,RD,3.0,1
A2FK6782M09EBO,8,48.771,1,SQL,1.0,1
A2FK6782M09EBO,9,18.822,4,RD,4.0,1
A2FK6782M09EBO,10,40.719,2,SQL,2.0,1
A2FK6782M09EBO,11,18.221,1,RD,1.0,1
A2FK6782M09EBO,12,17.359,4,SQL,4.0,1
A2FK6782M09EBO,13,17.2,4,RD,4.0,1
A2FK6782M09EBO,14,41.016,3,SQL,3.0,1
A2FK6782M09EBO,15,45.018,2,RD,2.0,1
A2FK6782M09EBO,16,42.71,4,SQL,4.0,1
A2FK6782M09EBO,17,13.863,3,RD,3.0,1
A2FK6782M09EBO,18,10.533,4,SQL,4.0,1
A2FK6782M09EBO,19,30.166,1,RD,1.0,1
A2FK6782M09EBO,20,23.422,1,SQL,1.0,1
A2FK6782M09EBO,21,19.979,3,RD,3.0,1
A2FK6782M09EBO,22,14.216,4,SQL,4.0,1
A2FK6782M09EBO,23,16.859,2,RD,2.0,1
A2FK6782M09EBO,24,11.13,2,SQL,2.0,1
A2FK6782M09EBO,25,12.466,1,RD,1.0,1
A2FK6782M09EBO,26,34.011,2,SQL,2.0,1
A2FK6782M09EBO,27,11.784,4,RD,4.0,1
A2FK6782M09EBO,28,29.525,3,SQL,3.0,1
A2FK6782M09EBO,29,5.535,4,RD,4.0,1
A2FK6782M09EBO,30,7.236,1,SQL,1.0,1
A2FK6782M09EBO,31,6.955,2,RD,3.0,0
A2FK6782M09EBO,32,20.245,3,SQL,3.0,1
A2HAEJBQ5Z0QG1,1,63.622,3,RD,2.0,0
A2HAEJBQ5Z0QG1,2,4.524,4,SQL,2.0,0
A2HAEJBQ5Z0QG1,3,3.855,1,RD,2.0,0
A2HAEJBQ5Z0QG1,4,13.255,3,SQL,1.0,0
A2HAEJBQ5Z0QG1,5,12.527,1,RD,4.0,0
A2HAEJBQ5Z0QG1,6,2.829,4,SQL,1.0,0
A2HAEJBQ5Z0QG1,7,3.342,2,RD,2.0,1
A2HAEJBQ5Z0QG1,8,12.654,1,SQL,3.0,0
A2HAEJBQ5Z0QG1,9,13.992,2,RD,3.0,0
A2HAEJBQ5Z0QG1,10,4.111,2,SQL,1.0,0
A2HAEJBQ5Z0QG1,11,3.097,4,RD,4.0,1
A2HAEJBQ5Z0QG1,12,5.718,1,SQL,1.0,1
A2HAEJBQ5Z0QG1,13,4.926,4,RD,3.0,0
A2HAEJBQ5Z0QG1,14,3.425,2,SQL,2.0,1
A2HAEJBQ5Z0QG1,15,2.51,3,RD,4.0,0
A2HAEJBQ5Z0QG1,16,2.229,3,SQL,1.0,0
A2HAEJBQ5Z0QG1,17,1.846,4,RD,3.0,0
A2HAEJBQ5Z0QG1,18,3.863,4,SQL,1.0,0
A2HAEJBQ5Z0QG1,19,1.943,4,RD,4.0,1
A2HAEJBQ5Z0QG1,20,2.414,3,SQL,3.0,1
A2HAEJBQ5Z0QG1,21,2.83,2,RD,1.0,0
A2HAEJBQ5Z0QG1,22,2.278,3,SQL,4.0,0
A2HAEJBQ5Z0QG1,23,3.478,3,RD,1.0,0
A2HAEJBQ5Z0QG1,24,2.244,1,SQL,3.0,0
A2HAEJBQ5Z0QG1,25,2.832,3,RD,2.0,0
A2HAEJBQ5Z0QG1,26,2.551,2,SQL,4.0,0
A2HAEJBQ5Z0QG1,27,3.084,2,RD,1.0,0
A2HAEJBQ5Z0QG1,28,2.354,1,SQL,3.0,0
A2HAEJBQ5Z0QG1,29,1.925,1,RD,4.0,0
A2HAEJBQ5Z0QG1,30,2.022,4,SQL,4.0,1
A2HAEJBQ5Z0QG1,31,2.088,1,RD,4.0,0
A2HAEJBQ5Z0QG1,32,5.053,2,SQL,1.0,0
A2JVGU9B4G8R15,1,33.151,3,RD,1.0,0
A2JVGU9B4G8R15,2,54.6,3,SQL,3.0,1
A2JVGU9B4G8R15,3,73.175,4,RD,2.0,0
A2JVGU9B4G8R15,4,25.61,2,SQL,3.0,0
A2JVGU9B4G8R15,5,357.168,1,RD,2.0,0
A2JVGU9B4G8R15,6,50.332,2,SQL,3.0,0
A2JVGU9B4G8R15,7,30.583,3,RD,1.0,0
A2JVGU9B4G8R15,8,14.1,1,SQL,3.0,0
A2JVGU9B4G8R15,9,35.561,1,RD,1.0,1
A2JVGU9B4G8R15,10,49.879,1,SQL,3.0,0
A2JVGU9B4G8R15,11,11.172,2,RD,1.0,0
A2JVGU9B4G8R15,12,19.123,4,SQL,3.0,0
A2JVGU9B4G8R15,13,10.639,4,RD,1.0,0
A2JVGU9B4G8R15,14,11.048,4,SQL,3.0,0
A2JVGU9B4G8R15,15,13.011,2,RD,1.0,0
A2JVGU9B4G8R15,16,6.824,3,SQL,2.0,0
A2JVGU9B4G8R15,17,27.39,1,RD,4.0,0
A2JVGU9B4G8R15,18,12.854,1,SQL,3.0,0
A2JVGU9B4G8R15,19,8.222,2,RD,4.0,0
A2JVGU9B4G8R15,20,10.341,3,SQL,2.0,0
A2JVGU9B4G8R15,21,10.033,4,RD,4.0,1
A2JVGU9B4G8R15,22,6.877,3,SQL,2.0,0
A2JVGU9B4G8R15,23,7.371,3,RD,1.0,0
A2JVGU9B4G8R15,24,7.726,2,SQL,2.0,1
A2JVGU9B4G8R15,25,7.22,3,RD,2.0,0
A2JVGU9B4G8R15,26,8.585,1,SQL,2.0,0
A2JVGU9B4G8R15,27,6.31,2,RD,4.0,0
A2JVGU9B4G8R15,28,7.6,4,SQL,2.0,0
A2JVGU9B4G8R15,29,10.787,1,RD,1.0,1
A2JVGU9B4G8R15,30,9.185,2,SQL,3.0,0
A2JVGU9B4G8R15,31,21.1,4,RD,2.0,0
A2JVGU9B4G8R15,32,4.943,4,SQL,2.0,0
A2ML4TEAJTDQD0,1,85.693,1,SQL,1.0,1
A2ML4TEAJTDQD0,2,36.934,1,RD,2.0,0
A2ML4TEAJTDQD0,3,42.968,2,SQL,2.0,1
A2ML4TEAJTDQD0,4,25.914,2,RD,4.0,0
A2ML4TEAJTDQD0,5,25.614,3,SQL,2.0,0
A2ML4TEAJTDQD0,6,17.545,4,RD,4.0,1
A2ML4TEAJTDQD0,7,64.771,3,SQL,2.0,0
A2ML4TEAJTDQD0,8,10.659,3,RD,1.0,0
A2ML4TEAJTDQD0,9,19.662,4,SQL,1.0,0
A2ML4TEAJTDQD0,10,6.223,3,RD,3.0,1
A2ML4TEAJTDQD0,11,11.67,4,SQL,1.0,0
A2ML4TEAJTDQD0,12,2.763,4,RD,4.0,1
A2ML4TEAJTDQD0,13,14.022,1,SQL,3.0,0
A2ML4TEAJTDQD0,14,3.362,2,RD,3.0,0
A2ML4TEAJTDQD0,15,29.064,2,SQL,3.0,0
A2ML4TEAJTDQD0,16,2.948,1,RD,1.0,1
A2ML4TEAJTDQD0,17,12.969,4,SQL,4.0,1
A2ML4TEAJTDQD0,18,2.868,3,RD,2.0,0
A2ML4TEAJTDQD0,19,18.764,1,SQL,1.0,1
A2ML4TEAJTDQD0,20,2.741,4,RD,4.0,1
A2ML4TEAJTDQD0,21,13.878,2,SQL,2.0,1
A2ML4TEAJTDQD0,22,3.022,2,RD,3.0,0
A2ML4TEAJTDQD0,23,28.572,4,SQL,1.0,0
A2ML4TEAJTDQD0,24,4.639,2,RD,3.0,0
A2ML4TEAJTDQD0,25,34.495,3,SQL,1.0,0
A2ML4TEAJTDQD0,26,2.694,1,RD,1.0,1
A2ML4TEAJTDQD0,27,19.14,1,SQL,2.0,0
A2ML4TEAJTDQD0,28,2.649,1,RD,1.0,1
A2ML4TEAJTDQD0,29,14.629,2,SQL,1.0,0
A2ML4TEAJTDQD0,30,2.448,3,RD,2.0,0
A2ML4TEAJTDQD0,31,29.34,3,SQL,2.0,0
A2ML4TEAJTDQD0,32,2.215,4,RD,4.0,1
A2NAKIXS3DVGAA,1,24.435,1,SQL,1.0,1
A2NAKIXS3DVGAA,2,9.282,1,RD,1.0,1
A2NAKIXS3DVGAA,3,10.06,4,SQL,4.0,1
A2NAKIXS3DVGAA,4,7.919,3,RD,3.0,1
A2NAKIXS3DVGAA,5,8.819,3,SQL,3.0,1
A2NAKIXS3DVGAA,6,4.76,1,RD,1.0,1
A2NAKIXS3DVGAA,7,7.239,2,SQL,2.0,1
A2NAKIXS3DVGAA,8,6.279,4,RD,4.0,1
A2NAKIXS3DVGAA,9,8.124,1,SQL,1.0,1
A2NAKIXS3DVGAA,10,7.858,2,RD,2.0,1
A2NAKIXS3DVGAA,11,7.853,2,SQL,2.0,1
A2NAKIXS3DVGAA,12,4.365,2,RD,2.0,1
A2NAKIXS3DVGAA,13,7.23,3,SQL,3.0,1
A2NAKIXS3DVGAA,14,4.897,3,RD,3.0,1
A2NAKIXS3DVGAA,15,5.052,4,SQL,4.0,1
A2NAKIXS3DVGAA,16,4.67,4,RD,4.0,1
A2NAKIXS3DVGAA,17,5.309,2,SQL,2.0,1
A2NAKIXS3DVGAA,18,4.418,3,RD,3.0,1
A2NAKIXS3DVGAA,19,4.732,1,SQL,1.0,1
A2NAKIXS3DVGAA,20,3.679,1,RD,1.0,1
A2NAKIXS3DVGAA,21,7.534,2,SQL,2.0,1
A2NAKIXS3DVGAA,22,4.145,3,RD,3.0,1
A2NAKIXS3DVGAA,23,7.12,3,SQL,3.0,1
A2NAKIXS3DVGAA,24,4.847,2,RD,2.0,1
A2NAKIXS3DVGAA,25,7.436,3,SQL,3.0,1
A2NAKIXS3DVGAA,26,4.157,1,RD,1.0,1
A2NAKIXS3DVGAA,27,4.458,1,SQL,1.0,1
A2NAKIXS3DVGAA,28,4.797,2,RD,2.0,1
A2NAKIXS3DVGAA,29,4.589,4,SQL,4.0,1
A2NAKIXS3DVGAA,30,4.384,4,RD,4.0,1
A2NAKIXS3DVGAA,31,5.703,4,SQL,4.0,1
A2NAKIXS3DVGAA,32,4.874,4,RD,4.0,1
A2O5WIC20C7ZG9,1,50.507,2,SQL,2.0,1
A2O5WIC20C7ZG9,2,71.676,1,RD,3.0,0
A2O5WIC20C7ZG9,3,32.089,1,SQL,3.0,0
A2O5WIC20C7ZG9,4,23.572,4,RD,3.0,0
A2O5WIC20C7ZG9,5,8.531,1,SQL,3.0,0
A2O5WIC20C7ZG9,6,5.758,4,RD,3.0,0
A2O5WIC20C7ZG9,7,8.85,3,SQL,1.0,0
A2O5WIC20C7ZG9,8,6.198,2,RD,2.0,1
A2O5WIC20C7ZG9,9,9.173,3,SQL,2.0,0
A2O5WIC20C7ZG9,10,88.076,2,RD,2.0,1
A2O5WIC20C7ZG9,11,44.792,4,SQL,3.0,0
A2O5WIC20C7ZG9,12,22.08,3,RD,1.0,0
A2O5WIC20C7ZG9,13,15.44,2,SQL,4.0,0
A2O5WIC20C7ZG9,14,14.043,1,RD,1.0,1
A2O5WIC20C7ZG9,15,38.665,4,SQL,1.0,0
A2O5WIC20C7ZG9,16,13.315,3,RD,4.0,0
A2O5WIC20C7ZG9,17,8.285,4,SQL,4.0,1
A2O5WIC20C7ZG9,18,37.37,2,RD,2.0,1
A2O5WIC20C7ZG9,19,20.54,2,SQL,2.0,1
A2O5WIC20C7ZG9,20,18.624,3,RD,1.0,0
A2O5WIC20C7ZG9,21,34.459,1,SQL,1.0,1
A2O5WIC20C7ZG9,22,27.744,4,RD,4.0,1
A2O5WIC20C7ZG9,23,17.672,3,SQL,3.0,1
A2O5WIC20C7ZG9,24,21.464,2,RD,2.0,1
A2O5WIC20C7ZG9,25,37.305,2,SQL,1.0,0
A2O5WIC20C7ZG9,26,12.661,3,RD,3.0,1
A2O5WIC20C7ZG9,27,8.452,1,SQL,3.0,0
A2O5WIC20C7ZG9,28,11.916,1,RD,1.0,1
A2O5WIC20C7ZG9,29,20.059,4,SQL,4.0,1
A2O5WIC20C7ZG9,30,16.843,4,RD,4.0,1
A2O5WIC20C7ZG9,31,14.18,3,SQL,3.0,1
A2O5WIC20C7ZG9,32,12.044,1,RD,1.0,1
A2PAXZMD7Q7NKH,1,244.294,1,RD,1.0,1
A2PAXZMD7Q7NKH,2,20.689,3,SQL,4.0,0
A2PAXZMD7Q7NKH,3,7.607,3,RD,2.0,0
A2PAXZMD7Q7NKH,4,4.618,2,SQL,1.0,0
A2PAXZMD7Q7NKH,5,2.743,4,RD,3.0,0
A2PAXZMD7Q7NKH,6,5.236,1,SQL,4.0,0
A2PAXZMD7Q7NKH,7,9.99,1,RD,3.0,0
A2PAXZMD7Q7NKH,8,3.766,4,SQL,1.0,0
A2PAXZMD7Q7NKH,9,3.438,2,RD,2.0,1
A2PAXZMD7Q7NKH,10,4.103,1,SQL,1.0,1
A2PAXZMD7Q7NKH,11,4.349,2,RD,1.0,0
A2PAXZMD7Q7NKH,12,3.293,2,SQL,2.0,1
A2PAXZMD7Q7NKH,13,3.057,4,RD,3.0,0
A2PAXZMD7Q7NKH,14,3.469,4,SQL,1.0,0
A2PAXZMD7Q7NKH,15,2.658,3,RD,2.0,0
A2PAXZMD7Q7NKH,16,3.406,3,SQL,3.0,1
A2PAXZMD7Q7NKH,17,2.892,1,RD,4.0,0
A2PAXZMD7Q7NKH,18,3.71,3,SQL,1.0,0
A2PAXZMD7Q7NKH,19,1.78,2,RD,4.0,0
A2PAXZMD7Q7NKH,20,3.061,3,SQL,2.0,0
A2PAXZMD7Q7NKH,21,2.348,3,RD,1.0,0
A2PAXZMD7Q7NKH,22,3.32,2,SQL,1.0,0
A2PAXZMD7Q7NKH,23,2.656,4,RD,4.0,1
A2PAXZMD7Q7NKH,24,2.607,1,SQL,2.0,0
A2PAXZMD7Q7NKH,25,2.696,4,RD,3.0,0
A2PAXZMD7Q7NKH,26,2.455,1,SQL,4.0,0
A2PAXZMD7Q7NKH,27,2.391,2,RD,1.0,0
A2PAXZMD7Q7NKH,28,2.487,4,SQL,1.0,0
A2PAXZMD7Q7NKH,29,2.273,3,RD,4.0,0
A2PAXZMD7Q7NKH,30,2.57,2,SQL,2.0,1
A2PAXZMD7Q7NKH,31,2.436,1,RD,4.0,0
A2PAXZMD7Q7NKH,32,4.558,4,SQL,1.0,0
A2PSR3CMNR1R9X,1,96.37,4,SQL,4.0,1
A2PSR3CMNR1R9X,2,57.337,1,RD,1.0,1
A2PSR3CMNR1R9X,3,28.661,1,SQL,1.0,1
A2PSR3CMNR1R9X,4,14.638,3,RD,3.0,1
A2PSR3CMNR1R9X,5,20.133,3,SQL,3.0,1
A2PSR3CMNR1R9X,6,17.992,2,RD,2.0,1
A2PSR3CMNR1R9X,7,22.085,2,SQL,2.0,1
A2PSR3CMNR1R9X,8,21.476,3,RD,3.0,1
A2PSR3CMNR1R9X,9,12.768,3,SQL,3.0,1
A2PSR3CMNR1R9X,10,9.238,2,RD,2.0,1
A2PSR3CMNR1R9X,11,17.609,1,SQL,1.0,1
A2PSR3CMNR1R9X,12,8.356,4,RD,4.0,1
A2PSR3CMNR1R9X,13,16.988,4,SQL,4.0,1
A2PSR3CMNR1R9X,14,7.577,4,RD,4.0,1
A2PSR3CMNR1R9X,15,15.113,2,SQL,2.0,1
A2PSR3CMNR1R9X,16,15.414,1,RD,1.0,1
A2PSR3CMNR1R9X,17,8.747,2,SQL,2.0,1
A2PSR3CMNR1R9X,18,7.892,3,RD,3.0,1
A2PSR3CMNR1R9X,19,10.553,1,SQL,1.0,1
A2PSR3CMNR1R9X,20,11.83,1,RD,1.0,1
A2PSR3CMNR1R9X,21,3.085,4,SQL,4.0,1
A2PSR3CMNR1R9X,22,5.894,4,RD,4.0,1
A2PSR3CMNR1R9X,23,19.915,3,SQL,3.0,1
A2PSR3CMNR1R9X,24,6.519,3,RD,3.0,1
A2PSR3CMNR1R9X,25,2.707,4,SQL,4.0,1
A2PSR3CMNR1R9X,26,22.378,2,RD,2.0,1
A2PSR3CMNR1R9X,27,11.112,2,SQL,2.0,1
A2PSR3CMNR1R9X,28,7.328,1,RD,1.0,1
A2PSR3CMNR1R9X,29,13.651,3,SQL,3.0,1
A2PSR3CMNR1R9X,30,12.148,2,RD,2.0,1
A2PSR3CMNR1R9X,31,8.827,1,SQL,1.0,1
A2PSR3CMNR1R9X,32,2.81,4,RD,4.0,1
A2T5L3BMB6V4AK,1,12.642,1,RD,4.0,0
A2T5L3BMB6V4AK,2,20.229,1,SQL,1.0,1
A2T5L3BMB6V4AK,3,17.927,2,RD,1.0,0
A2T5L3BMB6V4AK,4,12.19,2,SQL,1.0,0
A2T5L3BMB6V4AK,5,2.393,2,RD,2.0,1
A2T5L3BMB6V4AK,6,2.87,3,SQL,2.0,0
A2T5L3BMB6V4AK,7,2.398,4,RD,3.0,0
A2T5L3BMB6V4AK,8,3.157,2,SQL,1.0,0
A2T5L3BMB6V4AK,9,2.487,4,RD,3.0,0
A2T5L3BMB6V4AK,10,11.534,4,SQL,1.0,0
A2T5L3BMB6V4AK,11,2.368,3,RD,4.0,0
A2T5L3BMB6V4AK,12,2.477,3,SQL,1.0,0
A2T5L3BMB6V4AK,13,2.301,1,RD,4.0,0
A2T5L3BMB6V4AK,14,7.33,1,SQL,4.0,0
A2T5L3BMB6V4AK,15,2.612,3,RD,2.0,0
A2T5L3BMB6V4AK,16,2.687,4,SQL,1.0,0
A2T5L3BMB6V4AK,17,2.092,4,RD,4.0,1
A2T5L3BMB6V4AK,18,2.948,3,SQL,4.0,0
A2T5L3BMB6V4AK,19,2.687,2,RD,2.0,1
A2T5L3BMB6V4AK,20,2.343,1,SQL,2.0,0
A2T5L3BMB6V4AK,21,3.478,1,RD,4.0,0
A2T5L3BMB6V4AK,22,8.066,4,SQL,1.0,0
A2T5L3BMB6V4AK,23,2.389,1,RD,4.0,0
A2T5L3BMB6V4AK,24,5.477,2,SQL,4.0,0
A2T5L3BMB6V4AK,25,6.529,3,RD,3.0,1
A2T5L3BMB6V4AK,26,2.829,2,SQL,1.0,0
A2T5L3BMB6V4AK,27,2.894,2,RD,3.0,0
A2T5L3BMB6V4AK,28,3.886,3,SQL,2.0,0
A2T5L3BMB6V4AK,29,2.213,4,RD,3.0,0
A2T5L3BMB6V4AK,30,2.901,4,SQL,2.0,0
A2T5L3BMB6V4AK,31,2.608,3,RD,2.0,0
A2T5L3BMB6V4AK,32,4.429,1,SQL,4.0,0
A2W65ZREF4BGCS,1,39.187,2,SQL,2.0,1
A2W65ZREF4BGCS,2,31.325,2,RD,2.0,1
A2W65ZREF4BGCS,3,27.047,3,SQL,3.0,1
A2W65ZREF4BGCS,4,36.0,1,RD,1.0,1
A2W65ZREF4BGCS,5,18.157,1,SQL,1.0,1
A2W65ZREF4BGCS,6,7.476,3,RD,3.0,1
A2W65ZREF4BGCS,7,12.35,4,SQL,4.0,1
A2W65ZREF4BGCS,8,8.478,3,RD,3.0,1
A2W65ZREF4BGCS,9,12.496,1,SQL,1.0,1
A2W65ZREF4BGCS,10,8.277,1,RD,1.0,1
A2W65ZREF4BGCS,11,9.144,3,SQL,3.0,1
A2W65ZREF4BGCS,12,9.071,4,RD,4.0,1
A2W65ZREF4BGCS,13,15.408,2,SQL,2.0,1
A2W65ZREF4BGCS,14,5.925,4,RD,4.0,1
A2W65ZREF4BGCS,15,6.4,4,SQL,4.0,1
A2W65ZREF4BGCS,16,35.238,2,RD,2.0,1
A2W65ZREF4BGCS,17,25.991,1,SQL,1.0,1
A2W65ZREF4BGCS,18,6.078,1,RD,1.0,1
A2W65ZREF4BGCS,19,25.331,4,SQL,4.0,1
A2W65ZREF4BGCS,20,10.981,2,RD,2.0,1
A2W65ZREF4BGCS,21,14.823,3,SQL,3.0,1
A2W65ZREF4BGCS,22,6.267,3,RD,3.0,1
A2W65ZREF4BGCS,23,10.005,2,SQL,2.0,1
A2W65ZREF4BGCS,24,6.19,3,RD,3.0,1
A2W65ZREF4BGCS,25,12.024,3,SQL,3.0,1
A2W65ZREF4BGCS,26,7.542,4,RD,4.0,1
A2W65ZREF4BGCS,27,8.509,2,SQL,2.0,1
A2W65ZREF4BGCS,28,16.449,2,RD,2.0,1
A2W65ZREF4BGCS,29,12.71,4,SQL,4.0,1
A2W65ZREF4BGCS,30,11.191,1,RD,1.0,1
A2W65ZREF4BGCS,31,9.821,1,SQL,1.0,1
A2W65ZREF4BGCS,32,6.555,4,RD,4.0,1
A2WB2666R3T5A6,1,10.873,1,RD,2.0,0
A2WB2666R3T5A6,2,6.76,4,SQL,1.0,0
A2WB2666R3T5A6,3,7.698,2,RD,1.0,0
A2WB2666R3T5A6,4,3.556,4,SQL,2.0,0
A2WB2666R3T5A6,5,4.032,3,RD,3.0,1
A2WB2666R3T5A6,6,4.586,1,SQL,2.0,0
A2WB2666R3T5A6,7,2.456,3,RD,3.0,1
A2WB2666R3T5A6,8,3.213,2,SQL,4.0,0
A2WB2666R3T5A6,9,4.766,4,RD,1.0,0
A2WB2666R3T5A6,10,390.806,3,SQL,3.0,1
A2WB2666R3T5A6,11,3.969,4,RD,4.0,1
A2WB2666R3T5A6,12,3.225,2,SQL,1.0,0
A2WB2666R3T5A6,13,3.057,2,RD,3.0,0
A2WB2666R3T5A6,14,3.478,3,SQL,4.0,0
A2WB2666R3T5A6,15,3.4,1,RD,1.0,1
A2WB2666R3T5A6,16,10.76,1,SQL,3.0,0
A2WB2666R3T5A6,17,2.724,2,RD,2.0,1
A2WB2666R3T5A6,18,4.702,3,SQL,4.0,0
A2WB2666R3T5A6,19,2.558,1,RD,2.0,0
A2WB2666R3T5A6,20,2.774,2,SQL,3.0,0
A2WB2666R3T5A6,21,2.944,3,RD,4.0,0
A2WB2666R3T5A6,22,3.44,4,SQL,4.0,1
A2WB2666R3T5A6,23,2.731,4,RD,1.0,0
A2WB2666R3T5A6,24,3.061,3,SQL,4.0,0
A2WB2666R3T5A6,25,3.388,1,RD,2.0,0
A2WB2666R3T5A6,26,3.12,2,SQL,3.0,0
A2WB2666R3T5A6,27,37.673,2,RD,3.0,0
A2WB2666R3T5A6,28,5.09,1,SQL,4.0,0
A2WB2666R3T5A6,29,1.771,3,RD,2.0,0
A2WB2666R3T5A6,30,2.869,1,SQL,3.0,0
A2WB2666R3T5A6,31,3.761,4,RD,4.0,1
A2WB2666R3T5A6,32,6.171,4,SQL,2.0,0
A31OQ5XKBUN38,1,54.321,1,RD,1.0,1
A31OQ5XKBUN38,2,8.367,3,SQL,2.0,0
A31OQ5XKBUN38,3,5.855,2,RD,1.0,0
A31OQ5XKBUN38,4,5.81,2,SQL,3.0,0
A31OQ5XKBUN38,5,3.394,3,RD,1.0,0
A31OQ5XKBUN38,6,3.302,3,SQL,4.0,0
A31OQ5XKBUN38,7,3.631,1,RD,3.0,0
A31OQ5XKBUN38,8,3.62,4,SQL,1.0,0
A31OQ5XKBUN38,9,5.202,4,RD,1.0,0
A31OQ5XKBUN38,10,2.776,4,SQL,2.0,0
A31OQ5XKBUN38,11,2.916,4,RD,1.0,0
A31OQ5XKBUN38,12,2.977,2,SQL,1.0,0
A31OQ5XKBUN38,13,3.475,2,RD,1.0,0
A31OQ5XKBUN38,14,3.276,1,SQL,2.0,0
A31OQ5XKBUN38,15,3.014,3,RD,4.0,0
A31OQ5XKBUN38,16,3.31,1,SQL,3.0,0
A31OQ5XKBUN38,17,3.188,1,RD,1.0,1
A31OQ5XKBUN38,18,3.595,2,SQL,1.0,0
A31OQ5XKBUN38,19,6.581,1,RD,3.0,0
A31OQ5XKBUN38,20,3.753,4,SQL,1.0,0
A31OQ5XKBUN38,21,4.009,3,RD,1.0,0
A31OQ5XKBUN38,22,4.582,3,SQL,2.0,0
A31OQ5XKBUN38,23,3.251,3,RD,3.0,1
A31OQ5XKBUN38,24,3.788,1,SQL,3.0,0
A31OQ5XKBUN38,25,3.809,4,RD,4.0,1
A31OQ5XKBUN38,26,3.66,3,SQL,1.0,0
A31OQ5XKBUN38,27,3.112,4,RD,2.0,0
A31OQ5XKBUN38,28,3.396,4,SQL,4.0,1
A31OQ5XKBUN38,29,3.502,2,RD,4.0,0
A31OQ5XKBUN38,30,4.875,1,SQL,1.0,1
A31OQ5XKBUN38,31,3.26,2,RD,1.0,0
A31OQ5XKBUN38,32,4.719,2,SQL,2.0,1
A32WLG9ZR0YXUH,1,28.122,2,SQL,2.0,1
A32WLG9ZR0YXUH,2,16.083,4,RD,2.0,0
A32WLG9ZR0YXUH,3,8.512,1,SQL,1.0,1
A32WLG9ZR0YXUH,4,9.355,2,RD,4.0,0
A32WLG9ZR0YXUH,5,8.135,4,SQL,2.0,0
A32WLG9ZR0YXUH,6,9.206,3,RD,2.0,0
A32WLG9ZR0YXUH,7,7.415,2,SQL,2.0,1
A32WLG9ZR0YXUH,8,5.374,3,RD,4.0,0
A32WLG9ZR0YXUH,9,4.158,4,SQL,4.0,1
A32WLG9ZR0YXUH,10,2.855,4,RD,3.0,0
A32WLG9ZR0YXUH,11,3.558,3,SQL,4.0,0
A32WLG9ZR0YXUH,12,4.36,2,RD,2.0,1
A32WLG9ZR0YXUH,13,8.351,1,SQL,2.0,0
A32WLG9ZR0YXUH,14,3.324,1,RD,3.0,0
A32WLG9ZR0YXUH,15,7.773,3,SQL,3.0,1
A32WLG9ZR0YXUH,16,6.301,1,RD,4.0,0
A32WLG9ZR0YXUH,17,3.439,4,SQL,3.0,0
A32WLG9ZR0YXUH,18,3.597,4,RD,1.0,0
A32WLG9ZR0YXUH,19,6.335,2,SQL,1.0,0
A32WLG9ZR0YXUH,20,3.341,1,RD,3.0,0
A32WLG9ZR0YXUH,21,3.189,4,SQL,2.0,0
A32WLG9ZR0YXUH,22,3.529,3,RD,1.0,0
A32WLG9ZR0YXUH,23,4.636,1,SQL,2.0,0
A32WLG9ZR0YXUH,24,4.975,3,RD,4.0,0
A32WLG9ZR0YXUH,25,5.836,2,SQL,3.0,0
A32WLG9ZR0YXUH,26,3.053,2,RD,1.0,0
A32WLG9ZR0YXUH,27,3.747,3,SQL,2.0,0
A32WLG9ZR0YXUH,28,4.047,2,RD,2.0,1
A32WLG9ZR0YXUH,29,5.656,1,SQL,1.0,1
A32WLG9ZR0YXUH,30,4.862,1,RD,4.0,0
A32WLG9ZR0YXUH,31,4.664,3,SQL,3.0,1
A32WLG9ZR0YXUH,32,10.191,4,RD,4.0,1
A35C2EW7OU8JXS,1,278.815,3,RD,2.0,0
A35C2EW7OU8JXS,2,54.318,2,SQL,1.0,0
A35C2EW7OU8JXS,3,10.717,2,RD,3.0,0
A35C2EW7OU8JXS,4,3.36,3,SQL,2.0,0
A35C2EW7OU8JXS,5,5.958,1,RD,2.0,0
A35C2EW7OU8JXS,6,8.964,4,SQL,4.0,1
A35C2EW7OU8JXS,7,8.406,2,RD,4.0,0
A35C2EW7OU8JXS,8,4.638,4,SQL,1.0,0
A35C2EW7OU8JXS,9,12.925,4,RD,2.0,0
A35C2EW7OU8JXS,10,5.382,2,SQL,4.0,0
A35C2EW7OU8JXS,11,20.549,3,RD,1.0,0
A35C2EW7OU8JXS,12,17.86,1,SQL,4.0,0
A35C2EW7OU8JXS,13,15.846,4,RD,4.0,1
A35C2EW7OU8JXS,14,29.766,3,SQL,3.0,1
A35C2EW7OU8JXS,15,33.215,1,RD,1.0,1
A35C2EW7OU8JXS,16,11.334,1,SQL,1.0,1
A35C2EW7OU8JXS,17,8.583,3,RD,3.0,1
A35C2EW7OU8JXS,18,6.625,2,SQL,2.0,1
A35C2EW7OU8JXS,19,5.222,4,RD,4.0,1
A35C2EW7OU8JXS,20,8.734,1,SQL,1.0,1
A35C2EW7OU8JXS,21,6.759,4,RD,4.0,1
A35C2EW7OU8JXS,22,5.653,4,SQL,4.0,1
A35C2EW7OU8JXS,23,171.033,1,RD,1.0,1
A35C2EW7OU8JXS,24,10.3,4,SQL,4.0,1
A35C2EW7OU8JXS,25,7.232,1,RD,1.0,1
A35C2EW7OU8JXS,26,8.079,2,SQL,2.0,1
A35C2EW7OU8JXS,27,12.502,2,RD,2.0,1
A35C2EW7OU8JXS,28,20.919,1,SQL,1.0,1
A35C2EW7OU8JXS,29,4.927,3,RD,3.0,1
A35C2EW7OU8JXS,30,7.598,3,SQL,3.0,1
A35C2EW7OU8JXS,31,9.799,2,RD,2.0,1
A35C2EW7OU8JXS,32,9.512,3,SQL,3.0,1
A36YFFQ1X3Z2BX,1,30.45,4,RD,1.0,0
A36YFFQ1X3Z2BX,2,5.062,3,SQL,3.0,1
A36YFFQ1X3Z2BX,3,3.33,1,RD,4.0,0
A36YFFQ1X3Z2BX,4,3.038,3,SQL,2.0,0
A36YFFQ1X3Z2BX,5,4.921,4,RD,4.0,1
A36YFFQ1X3Z2BX,6,2.773,2,SQL,4.0,0
A36YFFQ1X3Z2BX,7,3.048,2,RD,3.0,0
A36YFFQ1X3Z2BX,8,2.246,4,SQL,4.0,1
A36YFFQ1X3Z2BX,9,2.322,1,RD,2.0,0
A36YFFQ1X3Z2BX,10,2.357,2,SQL,4.0,0
A36YFFQ1X3Z2BX,11,4.774,3,RD,3.0,1
A36YFFQ1X3Z2BX,12,2.546,1,SQL,4.0,0
A36YFFQ1X3Z2BX,13,3.818,2,RD,3.0,0
A36YFFQ1X3Z2BX,14,2.964,4,SQL,3.0,0
A36YFFQ1X3Z2BX,15,2.144,3,RD,4.0,0
A36YFFQ1X3Z2BX,16,2.281,1,SQL,2.0,0
A36YFFQ1X3Z2BX,17,1.712,2,RD,3.0,0
A36YFFQ1X3Z2BX,18,4.718,3,SQL,4.0,0
A36YFFQ1X3Z2BX,19,1.782,4,RD,3.0,0
A36YFFQ1X3Z2BX,20,2.885,2,SQL,4.0,0
A36YFFQ1X3Z2BX,21,2.056,3,RD,2.0,0
A36YFFQ1X3Z2BX,22,2.921,3,SQL,4.0,0
A36YFFQ1X3Z2BX,23,2.175,1,RD,4.0,0
A36YFFQ1X3Z2BX,24,2.728,4,SQL,2.0,0
A36YFFQ1X3Z2BX,25,2.327,4,RD,4.0,1
A36YFFQ1X3Z2BX,26,2.192,1,SQL,3.0,0
A36YFFQ1X3Z2BX,27,2.332,3,RD,2.0,0
A36YFFQ1X3Z2BX,28,2.304,2,SQL,3.0,0
A36YFFQ1X3Z2BX,29,2.591,2,RD,4.0,0
A36YFFQ1X3Z2BX,30,4.379,1,SQL,1.0,1
A36YFFQ1X3Z2BX,31,2.814,1,RD,4.0,0
A36YFFQ1X3Z2BX,32,2.055,4,SQL,2.0,0
A3DW6KSQPG6GVQ,1,156.079,2,SQL,2.0,1
A3DW6KSQPG6GVQ,2,13.495,4,RD,4.0,1
A3DW6KSQPG6GVQ,3,35.007,1,SQL,1.0,1
A3DW6KSQPG6GVQ,4,13.516,2,RD,2.0,1
A3DW6KSQPG6GVQ,5,16.143,4,SQL,4.0,1
A3DW6KSQPG6GVQ,6,7.779,1,RD,1.0,1
A3DW6KSQPG6GVQ,7,14.108,1,SQL,1.0,1
A3DW6KSQPG6GVQ,8,3.717,1,RD,1.0,1
A3DW6KSQPG6GVQ,9,23.662,3,SQL,3.0,1
A3DW6KSQPG6GVQ,10,18.023,3,RD,3.0,1
A3DW6KSQPG6GVQ,11,21.754,3,SQL,3.0,1
A3DW6KSQPG6GVQ,12,10.8,2,RD,2.0,1
A3DW6KSQPG6GVQ,13,22.55,4,SQL,4.0,1
A3DW6KSQPG6GVQ,14,14.544,3,RD,3.0,1
A3DW6KSQPG6GVQ,15,14.939,2,SQL,2.0,1
A3DW6KSQPG6GVQ,16,4.638,4,RD,4.0,1
A3DW6KSQPG6GVQ,17,15.594,4,SQL,4.0,1
A3DW6KSQPG6GVQ,18,10.915,2,RD,2.0,1
A3DW6KSQPG6GVQ,19,15.819,1,SQL,1.0,1
A3DW6KSQPG6GVQ,20,8.398,3,RD,3.0,1
A3DW6KSQPG6GVQ,21,17.313,2,SQL,2.0,1
A3DW6KSQPG6GVQ,22,4.393,1,RD,1.0,1
A3DW6KSQPG6GVQ,23,17.222,2,SQL,2.0,1
A3DW6KSQPG6GVQ,24,10.358,3,RD,3.0,1
A3DW6KSQPG6GVQ,25,16.257,3,SQL,3.0,1
A3DW6KSQPG6GVQ,26,12.218,2,RD,2.0,1
A3DW6KSQPG6GVQ,27,16.469,1,SQL,1.0,1
A3DW6KSQPG6GVQ,28,4.289,1,RD,1.0,1
A3DW6KSQPG6GVQ,29,13.062,4,SQL,4.0,1
A3DW6KSQPG6GVQ,30,6.399,4,RD,4.0,1
A3DW6KSQPG6GVQ,31,23.22,3,SQL,3.0,1
A3DW6KSQPG6GVQ,32,5.418,4,RD,4.0,1
A3J5BB16UX87RR,1,54.184,4,SQL,1.0,0
A3J5BB16UX87RR,2,16.072,3,RD,1.0,0
A3J5BB16UX87RR,3,19.359,3,SQL,4.0,0
A3J5BB16UX87RR,4,2.685,1,RD,2.0,0
A3J5BB16UX87RR,5,3.455,1,SQL,1.0,1
A3J5BB16UX87RR,6,4.49,1,RD,4.0,0
A3J5BB16UX87RR,7,2.651,2,SQL,2.0,1
A3J5BB16UX87RR,8,4.815,4,RD,3.0,0
A3J5BB16UX87RR,9,2.527,3,SQL,1.0,0
A3J5BB16UX87RR,10,2.432,3,RD,4.0,0
A3J5BB16UX87RR,11,3.647,2,SQL,3.0,0
A3J5BB16UX87RR,12,2.441,2,RD,1.0,0
A3J5BB16UX87RR,13,2.737,4,SQL,2.0,0
A3J5BB16UX87RR,14,2.085,4,RD,4.0,1
A3J5BB16UX87RR,15,2.502,1,SQL,1.0,1
A3J5BB16UX87RR,16,2.573,2,RD,3.0,0
A3J5BB16UX87RR,17,3.177,1,SQL,2.0,0
A3J5BB16UX87RR,18,2.141,2,RD,4.0,0
A3J5BB16UX87RR,19,2.981,2,SQL,2.0,1
A3J5BB16UX87RR,20,2.16,3,RD,3.0,1
A3J5BB16UX87RR,21,2.135,2,SQL,1.0,0
A3J5BB16UX87RR,22,4.35,4,RD,4.0,1
A3J5BB16UX87RR,23,9.791,3,SQL,3.0,1
A3J5BB16UX87RR,24,3.857,4,RD,1.0,0
A3J5BB16UX87RR,25,4.836,4,SQL,3.0,0
A3J5BB16UX87RR,26,2.467,3,RD,2.0,0
A3J5BB16UX87RR,27,2.336,4,SQL,1.0,0
A3J5BB16UX87RR,28,2.799,2,RD,4.0,0
A3J5BB16UX87RR,29,3.87,3,SQL,2.0,0
A3J5BB16UX87RR,30,2.846,1,RD,4.0,0
A3J5BB16UX87RR,31,4.867,1,SQL,3.0,0
A3J5BB16UX87RR,32,2.415,1,RD,1.0,1
A3JG48VR1J5JP4,1,80.035,4,RD,1.0,0
A3JG48VR1J5JP4,2,67.371,1,SQL,4.0,0
A3JG48VR1J5JP4,3,15.584,3,RD,1.0,0
A3JG48VR1J5JP4,4,21.142,4,SQL,1.0,0
A3JG48VR1J5JP4,5,52.008,4,RD,2.0,0
A3JG48VR1J5JP4,6,0.726,3,SQL,4.0,0
A3JG48VR1J5JP4,7,5.089,1,RD,3.0,0
A3JG48VR1J5JP4,8,3.297,4,SQL,1.0,0
A3JG48VR1J5JP4,9,1.703,3,RD,1.0,0
A3JG48VR1J5JP4,10,0.897,2,SQL,1.0,0
A3JG48VR1J5JP4,11,7.434,2,RD,1.0,0
A3JG48VR1J5JP4,12,2.449,3,SQL,1.0,0
A3JG48VR1J5JP4,13,1.912,1,RD,2.0,0
A3JG48VR1J5JP4,14,2.493,2,SQL,1.0,0
A3JG48VR1J5JP4,15,1.649,2,RD,1.0,0
A3JG48VR1J5JP4,16,1.671,1,SQL,1.0,1
A3JG48VR1J5JP4,17,3.03,2,RD,1.0,0
A3JG48VR1J5JP4,18,10.04,4,SQL,1.0,0
A3JG48VR1J5JP4,19,4.68,4,RD,4.0,1
A3JG48VR1J5JP4,20,3.718,4,SQL,4.0,1
A3JG48VR1J5JP4,21,2.258,1,RD,4.0,0
A3JG48VR1J5JP4,22,2.748,1,SQL,1.0,1
A3JG48VR1J5JP4,23,1.724,3,RD,2.0,0
A3JG48VR1J5JP4,24,1.516,2,SQL,3.0,0
A3JG48VR1J5JP4,25,1.156,2,RD,1.0,0
A3JG48VR1J5JP4,26,1.705,3,SQL,1.0,0
A3JG48VR1J5JP4,27,2.415,4,RD,2.0,0
A3JG48VR1J5JP4,28,1.412,2,SQL,4.0,0
A3JG48VR1J5JP4,29,1.234,3,RD,4.0,0
A3JG48VR1J5JP4,30,21.615,1,SQL,1.0,1
A3JG48VR1J5JP4,31,3.349,1,RD,3.0,0
A3JG48VR1J5JP4,32,2.32,3,SQL,1.0,0
A3KP8KFGG6734Q,1,86.35,2,SQL,1.0,0
A3KP8KFGG6734Q,2,69.528,1,RD,1.0,1
A3KP8KFGG6734Q,3,58.579,3,SQL,3.0,1
A3KP8KFGG6734Q,4,172.792,4,RD,3.0,0
A3KP8KFGG6734Q,5,80.897,3,SQL,4.0,0
A3KP8KFGG6734Q,6,197.025,2,RD,2.0,1
A3KP8KFGG6734Q,7,24.56,1,SQL,1.0,1
A3KP8KFGG6734Q,8,26.754,3,RD,3.0,1
A3KP8KFGG6734Q,9,23.772,2,SQL,1.0,0
A3KP8KFGG6734Q,10,20.935,2,RD,2.0,1
A3KP8KFGG6734Q,11,40.133,1,SQL,1.0,1
A3KP8KFGG6734Q,12,23.561,3,RD,3.0,1
A3KP8KFGG6734Q,13,18.517,4,SQL,3.0,0
A3KP8KFGG6734Q,14,31.77,1,RD,1.0,1
A3KP8KFGG6734Q,15,33.693,4,SQL,1.0,0
A3KP8KFGG6734Q,16,15.167,4,RD,4.0,1
A3KP8KFGG6734Q,17,25.852,2,SQL,1.0,0
A3KP8KFGG6734Q,18,22.126,3,RD,3.0,1
A3KP8KFGG6734Q,19,8.35,3,SQL,4.0,0
A3KP8KFGG6734Q,20,14.217,1,RD,1.0,1
A3KP8KFGG6734Q,21,19.498,2,SQL,1.0,0
A3KP8KFGG6734Q,22,26.948,3,RD,3.0,1
A3KP8KFGG6734Q,23,23.31,4,SQL,4.0,1
A3KP8KFGG6734Q,24,22.459,2,RD,2.0,1
A3KP8KFGG6734Q,25,35.105,3,SQL,2.0,0
A3KP8KFGG6734Q,26,12.31,4,RD,4.0,1
A3KP8KFGG6734Q,27,21.92,4,SQL,3.0,0
A3KP8KFGG6734Q,28,20.204,1,RD,1.0,1
A3KP8KFGG6734Q,29,24.61,1,SQL,1.0,1
A3KP8KFGG6734Q,30,17.37,4,RD,4.0,1
A3KP8KFGG6734Q,31,25.707,1,SQL,1.0,1
A3KP8KFGG6734Q,32,20.783,2,RD,2.0,1
A3NPOQGA9WE049,1,12.165,3,RD,4.0,0
A3NPOQGA9WE049,2,3.862,1,SQL,1.0,1
A3NPOQGA9WE049,3,2.805,3,RD,4.0,0
A3NPOQGA9WE049,4,2.106,2,SQL,2.0,1
A3NPOQGA9WE049,5,2.381,1,RD,4.0,0
A3NPOQGA9WE049,6,2.269,2,SQL,1.0,0
A3NPOQGA9WE049,7,2.036,4,RD,4.0,1
A3NPOQGA9WE049,8,2.133,4,SQL,4.0,1
A3NPOQGA9WE049,9,1.966,2,RD,4.0,0
A3NPOQGA9WE049,10,2.423,3,SQL,3.0,1
A3NPOQGA9WE049,11,3.216,4,RD,1.0,0
A3NPOQGA9WE049,12,2.2,1,SQL,4.0,0
A3NPOQGA9WE049,13,2.431,2,RD,3.0,0
A3NPOQGA9WE049,14,2.214,4,SQL,4.0,1
A3NPOQGA9WE049,15,2.263,1,RD,4.0,0
A3NPOQGA9WE049,16,2.239,3,SQL,2.0,0
A3NPOQGA9WE049,17,1.775,4,RD,4.0,1
A3NPOQGA9WE049,18,1.855,1,SQL,4.0,0
A3NPOQGA9WE049,19,2.34,2,RD,2.0,1
A3NPOQGA9WE049,20,3.126,4,SQL,2.0,0
A3NPOQGA9WE049,21,1.918,3,RD,4.0,0
A3NPOQGA9WE049,22,1.799,3,SQL,4.0,0
A3NPOQGA9WE049,23,1.904,1,RD,3.0,0
A3NPOQGA9WE049,24,2.229,2,SQL,4.0,0
A3NPOQGA9WE049,25,1.942,3,RD,2.0,0
A3NPOQGA9WE049,26,1.863,2,SQL,4.0,0
A3NPOQGA9WE049,27,1.877,1,RD,2.0,0
A3NPOQGA9WE049,28,2.11,4,SQL,4.0,1
A3NPOQGA9WE049,29,1.758,2,RD,4.0,0
A3NPOQGA9WE049,30,2.677,1,SQL,2.0,0
A3NPOQGA9WE049,31,2.436,4,RD,4.0,1
A3NPOQGA9WE049,32,2.703,3,SQL,4.0,0
A3O3NJQ5AUXUVV,1,16.894,3,RD,2.0,0
A3O3NJQ5AUXUVV,2,48.54,3,SQL,4.0,0
A3O3NJQ5AUXUVV,3,41.976,4,RD,4.0,1
A3O3NJQ5AUXUVV,4,110.049,1,SQL,3.0,0
A3O3NJQ5AUXUVV,5,16.105,2,RD,2.0,1
A3O3NJQ5AUXUVV,6,57.149,4,SQL,4.0,1
A3O3NJQ5AUXUVV,7,11.619,1,RD,1.0,1
A3O3NJQ5AUXUVV,8,39.314,4,SQL,4.0,1
A3O3NJQ5AUXUVV,9,10.114,2,RD,2.0,1
A3O3NJQ5AUXUVV,10,15.78,2,SQL,2.0,1
A3O3NJQ5AUXUVV,11,10.479,1,RD,1.0,1
A3O3NJQ5AUXUVV,12,20.01,3,SQL,3.0,1
A3O3NJQ5AUXUVV,13,12.463,4,RD,4.0,1
A3O3NJQ5AUXUVV,14,56.145,2,SQL,2.0,1
A3O3NJQ5AUXUVV,15,11.269,3,RD,3.0,1
A3O3NJQ5AUXUVV,16,23.382,1,SQL,1.0,1
A3O3NJQ5AUXUVV,17,31.067,1,RD,1.0,1
A3O3NJQ5AUXUVV,18,21.261,2,SQL,2.0,1
A3O3NJQ5AUXUVV,19,13.897,4,RD,4.0,1
A3O3NJQ5AUXUVV,20,10.669,4,SQL,4.0,1
A3O3NJQ5AUXUVV,21,15.288,3,RD,3.0,1
A3O3NJQ5AUXUVV,22,19.505,4,SQL,4.0,1
A3O3NJQ5AUXUVV,23,48.692,3,RD,3.0,1
A3O3NJQ5AUXUVV,24,34.443,2,SQL,2.0,1
A3O3NJQ5AUXUVV,25,85.95,2,RD,2.0,1
A3O3NJQ5AUXUVV,26,43.682,3,SQL,3.0,1
A3O3NJQ5AUXUVV,27,76.378,4,RD,4.0,1
A3O3NJQ5AUXUVV,28,12.203,3,SQL,3.0,1
A3O3NJQ5AUXUVV,29,13.973,2,RD,2.0,1
A3O3NJQ5AUXUVV,30,26.989,1,SQL,1.0,1
A3O3NJQ5AUXUVV,31,40.637,1,RD,1.0,1
A3O3NJQ5AUXUVV,32,95.983,1,SQL,1.0,1
A3V07UY36W5QEZ,1,5.548,1,RD,1.0,1
A3V07UY36W5QEZ,2,4.231,1,SQL,2.0,0
A3V07UY36W5QEZ,3,3.475,3,RD,3.0,1
A3V07UY36W5QEZ,4,4.187,4,SQL,4.0,1
A3V07UY36W5QEZ,5,6.081,2,RD,2.0,1
A3V07UY36W5QEZ,6,6.5,3,SQL,4.0,0
A3V07UY36W5QEZ,7,8.375,4,RD,4.0,1
A3V07UY36W5QEZ,8,3.91,2,SQL,1.0,0
A3V07UY36W5QEZ,9,3.793,1,RD,1.0,1
A3V07UY36W5QEZ,10,5.959,3,SQL,2.0,0
A3V07UY36W5QEZ,11,4.7,3,RD,3.0,1
A3V07UY36W5QEZ,12,3.439,4,SQL,2.0,0
A3V07UY36W5QEZ,13,4.243,2,RD,2.0,1
A3V07UY36W5QEZ,14,4.176,1,SQL,4.0,0
A3V07UY36W5QEZ,15,4.177,4,RD,4.0,1
A3V07UY36W5QEZ,16,3.801,2,SQL,1.0,0
A3V07UY36W5QEZ,17,3.814,2,RD,2.0,1
A3V07UY36W5QEZ,18,4.08,1,SQL,1.0,1
A3V07UY36W5QEZ,19,8.746,3,RD,3.0,1
A3V07UY36W5QEZ,20,7.795,4,SQL,2.0,0
A3V07UY36W5QEZ,21,4.525,1,RD,1.0,1
A3V07UY36W5QEZ,22,3.907,3,SQL,4.0,0
A3V07UY36W5QEZ,23,4.477,1,RD,1.0,1
A3V07UY36W5QEZ,24,5.316,3,SQL,2.0,0
A3V07UY36W5QEZ,25,5.859,2,RD,2.0,1
A3V07UY36W5QEZ,26,3.851,2,SQL,1.0,0
A3V07UY36W5QEZ,27,3.114,4,RD,4.0,1
A3V07UY36W5QEZ,28,3.712,1,SQL,3.0,0
A3V07UY36W5QEZ,29,3.668,3,RD,3.0,1
A3V07UY36W5QEZ,30,4.953,2,SQL,4.0,0
A3V07UY36W5QEZ,31,3.959,4,RD,4.0,1
A3V07UY36W5QEZ,32,5.351,4,SQL,1.0,0
A5TE425T8LS4V,1,97.295,4,RD,1.0,0
A5TE425T8LS4V,2,67.585,3,SQL,1.0,0
A5TE425T8LS4V,3,28.787,1,RD,4.0,0
A5TE425T8LS4V,4,6.696,2,SQL,3.0,0
A5TE425T8LS4V,5,8.672,2,RD,1.0,0
A5TE425T8LS4V,6,130.488,1,SQL,1.0,1
A5TE425T8LS4V,7,6.799,4,RD,2.0,0
A5TE425T8LS4V,8,9.323,4,SQL,3.0,0
A5TE425T8LS4V,9,4.977,3,RD,1.0,0
A5TE425T8LS4V,10,5.548,3,SQL,1.0,0
A5TE425T8LS4V,11,4.311,3,RD,2.0,0
A5TE425T8LS4V,12,3.023,2,SQL,1.0,0
A5TE425T8LS4V,13,2.888,2,RD,2.0,1
A5TE425T8LS4V,14,4.675,1,SQL,1.0,1
A5TE425T8LS4V,15,2.529,1,RD,3.0,0
A5TE425T8LS4V,16,3.105,4,SQL,2.0,0
A5TE425T8LS4V,17,2.904,2,RD,1.0,0
A5TE425T8LS4V,18,2.506,2,SQL,2.0,1
A5TE425T8LS4V,19,4.643,4,RD,3.0,0
A5TE425T8LS4V,20,1.993,4,SQL,1.0,0
A5TE425T8LS4V,21,,3,RD,,0
A5TE425T8LS4V,22,,1,SQL,,0
A5TE425T8LS4V,23,,1,RD,,0
A5TE425T8LS4V,24,,3,SQL,,0
A5TE425T8LS4V,25,,2,RD,,0
A5TE425T8LS4V,26,,2,SQL,,0
A5TE425T8LS4V,27,,3,RD,,0
A5TE425T8LS4V,28,,3,SQL,,0
A5TE425T8LS4V,29,,1,RD,,0
A5TE425T8LS4V,30,,4,SQL,,0
A5TE425T8LS4V,31,,4,RD,,0
A5TE425T8LS4V,32,,1,SQL,,0
A65Y43EHJ45C9,1,8.186,2,RD,1.0,0
A65Y43EHJ45C9,2,35.555,4,SQL,3.0,0
A65Y43EHJ45C9,3,5.01,2,RD,1.0,0
A65Y43EHJ45C9,4,4.155,3,SQL,2.0,0
A65Y43EHJ45C9,5,6.435,3,RD,1.0,0
A65Y43EHJ45C9,6,6.335,2,SQL,2.0,1
A65Y43EHJ45C9,7,4.603,3,RD,3.0,1
A65Y43EHJ45C9,8,6.81,2,SQL,2.0,1
A65Y43EHJ45C9,9,6.819,4,RD,3.0,0
A65Y43EHJ45C9,10,34.658,1,SQL,1.0,1
A65Y43EHJ45C9,11,12.409,4,RD,4.0,1
A65Y43EHJ45C9,12,15.242,4,SQL,1.0,0
A65Y43EHJ45C9,13,7.907,1,RD,3.0,0
A65Y43EHJ45C9,14,7.172,3,SQL,1.0,0
A65Y43EHJ45C9,15,4.516,1,RD,1.0,1
A65Y43EHJ45C9,16,19.094,1,SQL,4.0,0
A65Y43EHJ45C9,17,8.438,2,RD,1.0,0
A65Y43EHJ45C9,18,12.034,2,SQL,3.0,0
A65Y43EHJ45C9,19,5.817,2,RD,1.0,0
A65Y43EHJ45C9,20,4.383,4,SQL,1.0,0
A65Y43EHJ45C9,21,6.516,3,RD,4.0,0
A65Y43EHJ45C9,22,3.71,1,SQL,2.0,0
A65Y43EHJ45C9,23,5.07,4,RD,1.0,0
A65Y43EHJ45C9,24,4.388,1,SQL,3.0,0
A65Y43EHJ45C9,25,4.674,3,RD,1.0,0
A65Y43EHJ45C9,26,3.952,3,SQL,4.0,0
A65Y43EHJ45C9,27,3.909,1,RD,4.0,0
A65Y43EHJ45C9,28,2.668,4,SQL,3.0,0
A65Y43EHJ45C9,29,4.018,1,RD,1.0,1
A65Y43EHJ45C9,30,4.907,3,SQL,1.0,0
A65Y43EHJ45C9,31,5.334,4,RD,1.0,0
A65Y43EHJ45C9,32,4.917,2,SQL,1.0,0
A8I6D1NF7NI72,1,596.699,4,RD,1.0,0
A8I6D1NF7NI72,2,5.142,2,SQL,4.0,0
A8I6D1NF7NI72,3,7.113,1,RD,1.0,1
A8I6D1NF7NI72,4,4.999,3,SQL,1.0,0
A8I6D1NF7NI72,5,3.414,3,RD,2.0,0
A8I6D1NF7NI72,6,380.184,3,SQL,3.0,1
A8I6D1NF7NI72,7,3.27,2,RD,2.0,1
A8I6D1NF7NI72,8,1.579,4,SQL,2.0,0
A8I6D1NF7NI72,9,81.353,1,RD,1.0,1
A8I6D1NF7NI72,10,1301.834,4,SQL,1.0,0
A8I6D1NF7NI72,11,1.709,3,RD,1.0,0
A8I6D1NF7NI72,12,1.487,1,SQL,3.0,0
A8I6D1NF7NI72,13,1.787,4,RD,1.0,0
A8I6D1NF7NI72,14,3.868,1,SQL,1.0,1
A8I6D1NF7NI72,15,1.638,2,RD,1.0,0
A8I6D1NF7NI72,16,1.597,2,SQL,1.0,0
A8I6D1NF7NI72,17,1.652,3,RD,2.0,0
A8I6D1NF7NI72,18,1.503,1,SQL,3.0,0
A8I6D1NF7NI72,19,2.488,1,RD,3.0,0
A8I6D1NF7NI72,20,1.65,2,SQL,1.0,0
A8I6D1NF7NI72,21,1.556,2,RD,1.0,0
A8I6D1NF7NI72,22,1.61,1,SQL,1.0,1
A8I6D1NF7NI72,23,2.159,4,RD,2.0,0
A8I6D1NF7NI72,24,1.142,3,SQL,1.0,0
A8I6D1NF7NI72,25,1.295,4,RD,1.0,0
A8I6D1NF7NI72,26,1.182,4,SQL,4.0,1
A8I6D1NF7NI72,27,1.406,3,RD,1.0,0
A8I6D1NF7NI72,28,2.063,4,SQL,1.0,0
A8I6D1NF7NI72,29,2.02,2,RD,1.0,0
A8I6D1NF7NI72,30,1.479,2,SQL,3.0,0
A8I6D1NF7NI72,31,2.367,1,RD,2.0,0
A8I6D1NF7NI72,32,1.766,3,SQL,1.0,0
AAH6CYAR7385U,1,12.942,1,RD,4.0,0
AAH6CYAR7385U,2,11.695,4,SQL,4.0,1
AAH6CYAR7385U,3,5.158,3,RD,2.0,0
AAH6CYAR7385U,4,6.696,1,SQL,3.0,0
AAH6CYAR7385U,5,3.826,4,RD,1.0,0
AAH6CYAR7385U,6,2.771,3,SQL,4.0,0
AAH6CYAR7385U,7,2.868,4,RD,2.0,0
AAH6CYAR7385U,8,2.262,2,SQL,1.0,0
AAH6CYAR7385U,9,2.445,3,RD,2.0,0
AAH6CYAR7385U,10,2.728,4,SQL,4.0,1
AAH6CYAR7385U,11,2.698,1,RD,1.0,1
AAH6CYAR7385U,12,2.191,3,SQL,3.0,1
AAH6CYAR7385U,13,2.118,2,RD,4.0,0
AAH6CYAR7385U,14,2.951,2,SQL,1.0,0
AAH6CYAR7385U,15,3.156,2,RD,1.0,0
AAH6CYAR7385U,16,4.727,1,SQL,4.0,0
AAH6CYAR7385U,17,2.736,3,RD,1.0,0
AAH6CYAR7385U,18,2.091,2,SQL,4.0,0
AAH6CYAR7385U,19,3.39,2,RD,2.0,1
AAH6CYAR7385U,20,6.797,1,SQL,1.0,1
AAH6CYAR7385U,21,3.181,3,RD,4.0,0
AAH6CYAR7385U,22,3.449,4,SQL,2.0,0
AAH6CYAR7385U,23,4.062,2,RD,4.0,0
AAH6CYAR7385U,24,5.305,2,SQL,1.0,0
AAH6CYAR7385U,25,2.993,1,RD,3.0,0
AAH6CYAR7385U,26,7.37,4,SQL,4.0,1
AAH6CYAR7385U,27,4.823,1,RD,1.0,1
AAH6CYAR7385U,28,5.99,3,SQL,3.0,1
AAH6CYAR7385U,29,2.524,4,RD,1.0,0
AAH6CYAR7385U,30,3.666,3,SQL,4.0,0
AAH6CYAR7385U,31,2.295,4,RD,1.0,0
AAH6CYAR7385U,32,6.493,1,SQL,4.0,0
ABP4AEZEWIQ5K,1,154.238,4,SQL,2.0,0
ABP4AEZEWIQ5K,2,39.089,3,RD,3.0,1
ABP4AEZEWIQ5K,3,85.124,2,SQL,2.0,1
ABP4AEZEWIQ5K,4,30.416,3,RD,3.0,1
ABP4AEZEWIQ5K,5,132.72,4,SQL,3.0,0
ABP4AEZEWIQ5K,6,105.323,4,RD,4.0,1
ABP4AEZEWIQ5K,7,123.424,2,SQL,2.0,1
ABP4AEZEWIQ5K,8,19.617,2,RD,2.0,1
ABP4AEZEWIQ5K,9,24.688,1,SQL,2.0,0
ABP4AEZEWIQ5K,10,22.939,4,RD,4.0,1
ABP4AEZEWIQ5K,11,51.459,1,SQL,2.0,0
ABP4AEZEWIQ5K,12,21.873,2,RD,2.0,1
ABP4AEZEWIQ5K,13,45.097,3,SQL,4.0,0
ABP4AEZEWIQ5K,14,14.051,1,RD,1.0,1
ABP4AEZEWIQ5K,15,80.803,3,SQL,4.0,0
ABP4AEZEWIQ5K,16,21.589,1,RD,1.0,1
ABP4AEZEWIQ5K,17,58.747,3,SQL,3.0,1
ABP4AEZEWIQ5K,18,26.111,4,RD,4.0,1
ABP4AEZEWIQ5K,19,19.198,3,SQL,3.0,1
ABP4AEZEWIQ5K,20,18.549,1,RD,1.0,1
ABP4AEZEWIQ5K,21,20.454,1,SQL,1.0,1
ABP4AEZEWIQ5K,22,20.359,2,RD,2.0,1
ABP4AEZEWIQ5K,23,20.139,4,SQL,4.0,1
ABP4AEZEWIQ5K,24,14.558,3,RD,3.0,1
ABP4AEZEWIQ5K,25,39.657,1,SQL,1.0,1
ABP4AEZEWIQ5K,26,13.008,2,RD,2.0,1
ABP4AEZEWIQ5K,27,14.827,4,SQL,4.0,1
ABP4AEZEWIQ5K,28,15.282,4,RD,4.0,1
ABP4AEZEWIQ5K,29,15.616,2,SQL,2.0,1
ABP4AEZEWIQ5K,30,15.187,3,RD,3.0,1
ABP4AEZEWIQ5K,31,25.117,2,SQL,2.0,1
ABP4AEZEWIQ5K,32,10.497,1,RD,1.0,1
ACCTKKQVZ8WYG,1,49.319,4,SQL,4.0,1
ACCTKKQVZ8WYG,2,8.886,4,RD,4.0,1
ACCTKKQVZ8WYG,3,22.478,4,SQL,4.0,1
ACCTKKQVZ8WYG,4,22.607,1,RD,1.0,1
ACCTKKQVZ8WYG,5,15.448,1,SQL,1.0,1
ACCTKKQVZ8WYG,6,10.283,2,RD,2.0,1
ACCTKKQVZ8WYG,7,16.196,3,SQL,3.0,1
ACCTKKQVZ8WYG,8,4.192,1,RD,1.0,1
ACCTKKQVZ8WYG,9,14.916,2,SQL,2.0,1
ACCTKKQVZ8WYG,10,9.942,3,RD,2.0,0
ACCTKKQVZ8WYG,11,13.814,2,SQL,2.0,1
ACCTKKQVZ8WYG,12,9.96,3,RD,3.0,1
ACCTKKQVZ8WYG,13,18.336,3,SQL,3.0,1
ACCTKKQVZ8WYG,14,58.105,4,RD,4.0,1
ACCTKKQVZ8WYG,15,11.454,1,SQL,1.0,1
ACCTKKQVZ8WYG,16,26.67,2,RD,2.0,1
ACCTKKQVZ8WYG,17,11.8,4,SQL,4.0,1
ACCTKKQVZ8WYG,18,4.076,4,RD,4.0,1
ACCTKKQVZ8WYG,19,17.214,1,SQL,1.0,1
ACCTKKQVZ8WYG,20,4.453,1,RD,1.0,1
ACCTKKQVZ8WYG,21,12.08,2,SQL,2.0,1
ACCTKKQVZ8WYG,22,5.095,4,RD,4.0,1
ACCTKKQVZ8WYG,23,10.837,1,SQL,1.0,1
ACCTKKQVZ8WYG,24,10.458,3,RD,3.0,1
ACCTKKQVZ8WYG,25,16.542,4,SQL,4.0,1
ACCTKKQVZ8WYG,26,10.885,3,RD,3.0,1
ACCTKKQVZ8WYG,27,12.607,3,SQL,3.0,1
ACCTKKQVZ8WYG,28,9.084,2,RD,2.0,1
ACCTKKQVZ8WYG,29,13.478,3,SQL,3.0,1
ACCTKKQVZ8WYG,30,12.755,2,RD,2.0,1
ACCTKKQVZ8WYG,31,17.289,2,SQL,2.0,1
ACCTKKQVZ8WYG,32,6.266,1,RD,1.0,1
AFWEDIHTMZ6BU,1,179.821,1,SQL,1.0,1
AFWEDIHTMZ6BU,2,248.224,4,RD,1.0,0
AFWEDIHTMZ6BU,3,159.542,2,SQL,3.0,0
AFWEDIHTMZ6BU,4,48.96,3,RD,2.0,0
AFWEDIHTMZ6BU,5,123.05,1,SQL,1.0,1
AFWEDIHTMZ6BU,6,35.831,2,RD,3.0,0
AFWEDIHTMZ6BU,7,121.25,3,SQL,1.0,0
AFWEDIHTMZ6BU,8,9.716,1,RD,4.0,0
AFWEDIHTMZ6BU,9,149.905,3,SQL,3.0,1
AFWEDIHTMZ6BU,10,12.331,3,RD,2.0,0
AFWEDIHTMZ6BU,11,114.146,4,SQL,4.0,1
AFWEDIHTMZ6BU,12,11.622,4,RD,2.0,0
AFWEDIHTMZ6BU,13,116.565,2,SQL,2.0,1
AFWEDIHTMZ6BU,14,6.711,1,RD,1.0,1
AFWEDIHTMZ6BU,15,121.382,4,SQL,4.0,1
AFWEDIHTMZ6BU,16,12.409,2,RD,3.0,0
AFWEDIHTMZ6BU,17,115.011,3,SQL,2.0,0
AFWEDIHTMZ6BU,18,18.792,4,RD,3.0,0
AFWEDIHTMZ6BU,19,113.916,1,SQL,1.0,1
AFWEDIHTMZ6BU,20,6.53,3,RD,1.0,0
AFWEDIHTMZ6BU,21,125.24,1,SQL,1.0,1
AFWEDIHTMZ6BU,22,5.706,1,RD,4.0,0
AFWEDIHTMZ6BU,23,10.143,4,SQL,2.0,0
AFWEDIHTMZ6BU,24,4.486,1,RD,1.0,1
AFWEDIHTMZ6BU,25,6.658,2,SQL,2.0,1
AFWEDIHTMZ6BU,26,6.161,4,RD,4.0,1
AFWEDIHTMZ6BU,27,4.819,3,SQL,3.0,1
AFWEDIHTMZ6BU,28,9.261,2,RD,2.0,1
AFWEDIHTMZ6BU,29,9.032,2,SQL,3.0,0
AFWEDIHTMZ6BU,30,9.067,2,RD,1.0,0
AFWEDIHTMZ6BU,31,4.318,4,SQL,3.0,0
AFWEDIHTMZ6BU,32,8.55,3,RD,4.0,0
AGFQW9KEQF0HC,1,138.833,2,SQL,1.0,0
AGFQW9KEQF0HC,2,32.917,4,RD,2.0,0
AGFQW9KEQF0HC,3,2.422,1,SQL,2.0,0
AGFQW9KEQF0HC,4,2.326,1,RD,3.0,0
AGFQW9KEQF0HC,5,2.542,4,SQL,2.0,0
AGFQW9KEQF0HC,6,2.053,3,RD,3.0,1
AGFQW9KEQF0HC,7,1.934,2,SQL,2.0,1
AGFQW9KEQF0HC,8,1.989,1,RD,3.0,0
AGFQW9KEQF0HC,9,3.965,4,SQL,2.0,0
AGFQW9KEQF0HC,10,1.725,3,RD,3.0,1
AGFQW9KEQF0HC,11,1.883,3,SQL,2.0,0
AGFQW9KEQF0HC,12,1.981,4,RD,3.0,0
AGFQW9KEQF0HC,13,2.445,3,SQL,2.0,0
AGFQW9KEQF0HC,14,1.92,2,RD,4.0,0
AGFQW9KEQF0HC,15,4.399,1,SQL,2.0,0
AGFQW9KEQF0HC,16,1.936,2,RD,3.0,0
AGFQW9KEQF0HC,17,2.808,1,SQL,3.0,0
AGFQW9KEQF0HC,18,1.662,1,RD,2.0,0
AGFQW9KEQF0HC,19,2.463,2,SQL,1.0,0
AGFQW9KEQF0HC,20,1.928,1,RD,3.0,0
AGFQW9KEQF0HC,21,2.061,4,SQL,2.0,0
AGFQW9KEQF0HC,22,4.193,3,RD,4.0,0
AGFQW9KEQF0HC,23,1.878,1,SQL,2.0,0
AGFQW9KEQF0HC,24,1.871,2,RD,3.0,0
AGFQW9KEQF0HC,25,2.609,4,SQL,2.0,0
AGFQW9KEQF0HC,26,1.939,3,RD,3.0,1
AGFQW9KEQF0HC,27,2.198,2,SQL,3.0,0
AGFQW9KEQF0HC,28,1.798,4,RD,3.0,0
AGFQW9KEQF0HC,29,5.087,3,SQL,2.0,0
AGFQW9KEQF0HC,30,6.964,2,RD,2.0,1
AGFQW9KEQF0HC,31,3.318,3,SQL,2.0,0
AGFQW9KEQF0HC,32,3.977,4,RD,3.0,0
AGP7ZC1UU2AA9,1,38.53,1,SQL,4.0,0
AGP7ZC1UU2AA9,2,35.502,4,RD,1.0,0
AGP7ZC1UU2AA9,3,33.578,4,SQL,1.0,0
AGP7ZC1UU2AA9,4,6.08,2,RD,4.0,0
AGP7ZC1UU2AA9,5,8.15,4,SQL,4.0,1
AGP7ZC1UU2AA9,6,22.22,1,RD,1.0,1
AGP7ZC1UU2AA9,7,14.403,1,SQL,4.0,0
AGP7ZC1UU2AA9,8,12.386,3,RD,4.0,0
AGP7ZC1UU2AA9,9,15.215,3,SQL,1.0,0
AGP7ZC1UU2AA9,10,8.264,4,RD,1.0,0
AGP7ZC1UU2AA9,11,8.118,2,SQL,4.0,0
AGP7ZC1UU2AA9,12,10.051,3,RD,1.0,0
AGP7ZC1UU2AA9,13,11.853,2,SQL,1.0,0
AGP7ZC1UU2AA9,14,2.803,1,RD,3.0,0
AGP7ZC1UU2AA9,15,3.038,3,SQL,1.0,0
AGP7ZC1UU2AA9,16,2.804,2,RD,3.0,0
AGP7ZC1UU2AA9,17,2.947,3,SQL,1.0,0
AGP7ZC1UU2AA9,18,2.737,3,RD,4.0,0
AGP7ZC1UU2AA9,19,6.225,2,SQL,1.0,0
AGP7ZC1UU2AA9,20,3.147,3,RD,3.0,1
AGP7ZC1UU2AA9,21,2.695,4,SQL,2.0,0
AGP7ZC1UU2AA9,22,3.477,4,RD,1.0,0
AGP7ZC1UU2AA9,23,2.787,2,SQL,1.0,0
AGP7ZC1UU2AA9,24,3.043,2,RD,2.0,1
AGP7ZC1UU2AA9,25,2.925,4,SQL,1.0,0
AGP7ZC1UU2AA9,26,3.449,4,RD,1.0,0
AGP7ZC1UU2AA9,27,3.908,3,SQL,1.0,0
AGP7ZC1UU2AA9,28,5.38,1,RD,3.0,0
AGP7ZC1UU2AA9,29,3.234,1,SQL,1.0,1
AGP7ZC1UU2AA9,30,3.705,2,RD,1.0,0
AGP7ZC1UU2AA9,31,3.403,1,SQL,1.0,1
AGP7ZC1UU2AA9,32,2.689,1,RD,4.0,0
AIEKCWYZTS41V,1,20.993,1,RD,1.0,1
AIEKCWYZTS41V,2,115.208,4,SQL,3.0,0
AIEKCWYZTS41V,3,62.064,2,RD,2.0,1
AIEKCWYZTS41V,4,136.884,1,SQL,4.0,0
AIEKCWYZTS41V,5,15.074,1,RD,1.0,1
AIEKCWYZTS41V,6,67.762,3,SQL,3.0,1
AIEKCWYZTS41V,7,10.263,2,RD,2.0,1
AIEKCWYZTS41V,8,6.645,4,SQL,4.0,1
AIEKCWYZTS41V,9,5.466,4,RD,4.0,1
AIEKCWYZTS41V,10,51.633,1,SQL,1.0,1
AIEKCWYZTS41V,11,10.642,3,RD,3.0,1
AIEKCWYZTS41V,12,8.823,2,SQL,4.0,0
AIEKCWYZTS41V,13,6.781,4,RD,4.0,1
AIEKCWYZTS41V,14,19.588,2,SQL,2.0,1
AIEKCWYZTS41V,15,4.724,3,RD,3.0,1
AIEKCWYZTS41V,16,13.506,3,SQL,3.0,1
AIEKCWYZTS41V,17,3.49,1,RD,1.0,1
AIEKCWYZTS41V,18,7.844,2,SQL,2.0,1
AIEKCWYZTS41V,19,3.873,3,RD,3.0,1
AIEKCWYZTS41V,20,5.973,1,SQL,1.0,1
AIEKCWYZTS41V,21,3.511,4,RD,4.0,1
AIEKCWYZTS41V,22,7.909,3,SQL,3.0,1
AIEKCWYZTS41V,23,5.362,3,RD,3.0,1
AIEKCWYZTS41V,24,6.592,4,SQL,4.0,1
AIEKCWYZTS41V,25,6.532,2,RD,2.0,1
AIEKCWYZTS41V,26,4.63,4,SQL,4.0,1
AIEKCWYZTS41V,27,3.99,4,RD,4.0,1
AIEKCWYZTS41V,28,6.362,1,SQL,1.0,1
AIEKCWYZTS41V,29,2.454,1,RD,1.0,1
AIEKCWYZTS41V,30,12.309,2,SQL,2.0,1
AIEKCWYZTS41V,31,5.318,2,RD,2.0,1
AIEKCWYZTS41V,32,8.27,3,SQL,3.0,1
AKE8TXE091UT8,1,6.535,2,SQL,1.0,0
AKE8TXE091UT8,2,3.684,3,RD,1.0,0
AKE8TXE091UT8,3,3.117,1,SQL,3.0,0
AKE8TXE091UT8,4,3.685,4,RD,1.0,0
AKE8TXE091UT8,5,3.695,1,SQL,3.0,0
AKE8TXE091UT8,6,2.864,2,RD,2.0,1
AKE8TXE091UT8,7,7.295,3,SQL,3.0,1
AKE8TXE091UT8,8,3.581,1,RD,3.0,0
AKE8TXE091UT8,9,2.854,4,SQL,2.0,0
AKE8TXE091UT8,10,2.652,2,RD,3.0,0
AKE8TXE091UT8,11,2.764,2,SQL,3.0,0
AKE8TXE091UT8,12,2.87,1,RD,3.0,0
AKE8TXE091UT8,13,2.964,3,SQL,1.0,0
AKE8TXE091UT8,14,2.847,3,RD,1.0,0
AKE8TXE091UT8,15,3.263,4,SQL,1.0,0
AKE8TXE091UT8,16,3.354,4,RD,1.0,0
AKE8TXE091UT8,17,2.857,3,SQL,1.0,0
AKE8TXE091UT8,18,3.358,4,RD,1.0,0
AKE8TXE091UT8,19,2.729,4,SQL,3.0,0
AKE8TXE091UT8,20,2.758,2,RD,3.0,0
AKE8TXE091UT8,21,2.676,2,SQL,2.0,1
AKE8TXE091UT8,22,2.603,1,RD,3.0,0
AKE8TXE091UT8,23,2.731,2,SQL,1.0,0
AKE8TXE091UT8,24,3.206,3,RD,3.0,1
AKE8TXE091UT8,25,5.374,3,SQL,2.0,0
AKE8TXE091UT8,26,3.542,2,RD,3.0,0
AKE8TXE091UT8,27,2.858,4,SQL,3.0,0
AKE8TXE091UT8,28,2.653,4,RD,3.0,0
AKE8TXE091UT8,29,2.409,1,SQL,2.0,0
AKE8TXE091UT8,30,1.805,3,RD,2.0,0
AKE8TXE091UT8,31,2.747,1,SQL,3.0,0
AKE8TXE091UT8,32,5.922,1,RD,2.0,0
ALOIU63SF3SOV,1,4.86,1,SQL,1.0,1
ALOIU63SF3SOV,2,6.858,1,RD,2.0,0
ALOIU63SF3SOV,3,6.236,4,SQL,1.0,0
ALOIU63SF3SOV,4,6.074,3,RD,1.0,0
ALOIU63SF3SOV,5,13.056,1,SQL,1.0,1
ALOIU63SF3SOV,6,10.305,4,RD,2.0,0
ALOIU63SF3SOV,7,17.578,2,SQL,3.0,0
ALOIU63SF3SOV,8,7.197,4,RD,1.0,0
ALOIU63SF3SOV,9,7.441,3,SQL,3.0,1
ALOIU63SF3SOV,10,5.284,2,RD,3.0,0
ALOIU63SF3SOV,11,7.236,2,SQL,2.0,1
ALOIU63SF3SOV,12,6.59,3,RD,2.0,0
ALOIU63SF3SOV,13,45.395,3,SQL,1.0,0
ALOIU63SF3SOV,14,3.505,1,RD,2.0,0
ALOIU63SF3SOV,15,2.684,4,SQL,2.0,0
ALOIU63SF3SOV,16,3.095,2,RD,3.0,0
ALOIU63SF3SOV,17,3.086,2,SQL,1.0,0
ALOIU63SF3SOV,18,2.715,3,RD,2.0,0
ALOIU63SF3SOV,19,3.752,2,SQL,2.0,1
ALOIU63SF3SOV,20,2.91,4,RD,3.0,0
ALOIU63SF3SOV,21,5.432,1,SQL,1.0,1
ALOIU63SF3SOV,22,3.491,1,RD,1.0,1
ALOIU63SF3SOV,23,5.347,1,SQL,1.0,1
ALOIU63SF3SOV,24,3.556,4,RD,1.0,0
ALOIU63SF3SOV,25,2.838,4,SQL,2.0,0
ALOIU63SF3SOV,26,2.36,3,RD,3.0,1
ALOIU63SF3SOV,27,4.331,3,SQL,3.0,1
ALOIU63SF3SOV,28,2.841,1,RD,2.0,0
ALOIU63SF3SOV,29,5.608,3,SQL,2.0,0
ALOIU63SF3SOV,30,2.549,2,RD,3.0,0
ALOIU63SF3SOV,31,3.538,4,SQL,2.0,0
ALOIU63SF3SOV,32,2.818,2,RD,2.0,1
AOC7YIIR20JS3,1,9.013,2,SQL,2.0,1
AOC7YIIR20JS3,2,4.909,3,RD,3.0,1
AOC7YIIR20JS3,3,3.141,4,SQL,1.0,0
AOC7YIIR20JS3,4,5.317,3,RD,4.0,0
AOC7YIIR20JS3,5,10.567,2,SQL,2.0,1
AOC7YIIR20JS3,6,10.086,2,RD,3.0,0
AOC7YIIR20JS3,7,7.582,4,SQL,2.0,0
AOC7YIIR20JS3,8,6.997,1,RD,2.0,0
AOC7YIIR20JS3,9,7.182,1,SQL,3.0,0
AOC7YIIR20JS3,10,5.623,4,RD,1.0,0
AOC7YIIR20JS3,11,3.439,3,SQL,2.0,0
AOC7YIIR20JS3,12,5.377,2,RD,3.0,0
AOC7YIIR20JS3,13,7.734,1,SQL,1.0,1
AOC7YIIR20JS3,14,4.149,1,RD,2.0,0
AOC7YIIR20JS3,15,2.751,3,SQL,1.0,0
AOC7YIIR20JS3,16,2.72,4,RD,3.0,0
AOC7YIIR20JS3,17,2.441,1,SQL,1.0,1
AOC7YIIR20JS3,18,2.501,1,RD,1.0,1
AOC7YIIR20JS3,19,3.017,4,SQL,1.0,0
AOC7YIIR20JS3,20,2.627,3,RD,2.0,0
AOC7YIIR20JS3,21,2.805,2,SQL,3.0,0
AOC7YIIR20JS3,22,21.524,2,RD,1.0,0
AOC7YIIR20JS3,23,11.607,4,SQL,2.0,0
AOC7YIIR20JS3,24,10.16,3,RD,4.0,0
AOC7YIIR20JS3,25,12.549,2,SQL,1.0,0
AOC7YIIR20JS3,26,7.39,1,RD,4.0,0
AOC7YIIR20JS3,27,6.989,3,SQL,1.0,0
AOC7YIIR20JS3,28,6.527,2,RD,4.0,0
AOC7YIIR20JS3,29,4.666,1,SQL,1.0,1
AOC7YIIR20JS3,30,58.857,4,RD,2.0,0
AOC7YIIR20JS3,31,9.023,3,SQL,1.0,0
AOC7YIIR20JS3,32,4.942,4,RD,4.0,1
AQTAO3905UV0V,1,12.617,4,SQL,1.0,0
AQTAO3905UV0V,2,3.654,1,RD,4.0,0
AQTAO3905UV0V,3,5.585,2,SQL,1.0,0
AQTAO3905UV0V,4,8.43,2,RD,1.0,0
AQTAO3905UV0V,5,4.736,4,SQL,1.0,0
AQTAO3905UV0V,6,2.59,4,RD,3.0,0
AQTAO3905UV0V,7,3.728,3,SQL,1.0,0
AQTAO3905UV0V,8,7.005,1,RD,3.0,0
AQTAO3905UV0V,9,7.212,3,SQL,1.0,0
AQTAO3905UV0V,10,3.83,2,RD,2.0,1
AQTAO3905UV0V,11,4.368,1,SQL,4.0,0
AQTAO3905UV0V,12,3.477,3,RD,2.0,0
AQTAO3905UV0V,13,6.971,2,SQL,3.0,0
AQTAO3905UV0V,14,2.575,4,RD,3.0,0
AQTAO3905UV0V,15,2.943,1,SQL,2.0,0
AQTAO3905UV0V,16,2.754,3,RD,4.0,0
AQTAO3905UV0V,17,4.202,2,SQL,2.0,1
AQTAO3905UV0V,18,3.725,3,RD,4.0,0
AQTAO3905UV0V,19,4.742,4,SQL,2.0,0
AQTAO3905UV0V,20,3.361,3,RD,3.0,1
AQTAO3905UV0V,21,3.722,2,SQL,2.0,1
AQTAO3905UV0V,22,5.159,2,RD,3.0,0
AQTAO3905UV0V,23,3.738,3,SQL,3.0,1
AQTAO3905UV0V,24,2.621,2,RD,2.0,1
AQTAO3905UV0V,25,3.771,1,SQL,4.0,0
AQTAO3905UV0V,26,1.032,1,RD,3.0,0
AQTAO3905UV0V,27,1.731,3,SQL,3.0,1
AQTAO3905UV0V,28,2.563,4,RD,2.0,0
AQTAO3905UV0V,29,3.944,1,SQL,1.0,1
AQTAO3905UV0V,30,2.463,4,RD,3.0,0
AQTAO3905UV0V,31,3.943,4,SQL,1.0,0
AQTAO3905UV0V,32,1.833,1,RD,2.0,0
AX3KFUB3F8VOU,1,109.126,4,SQL,3.0,0
AX3KFUB3F8VOU,2,102.918,4,RD,2.0,0
AX3KFUB3F8VOU,3,20.743,3,SQL,1.0,0
AX3KFUB3F8VOU,4,12.869,3,RD,3.0,1
AX3KFUB3F8VOU,5,6.061,4,SQL,2.0,0
AX3KFUB3F8VOU,6,6.013,4,RD,4.0,1
AX3KFUB3F8VOU,7,5.866,3,SQL,4.0,0
AX3KFUB3F8VOU,8,15.247,2,RD,4.0,0
AX3KFUB3F8VOU,9,7.127,1,SQL,3.0,0
AX3KFUB3F8VOU,10,13.928,1,RD,2.0,0
AX3KFUB3F8VOU,11,9.702,2,SQL,1.0,0
AX3KFUB3F8VOU,12,9.31,2,RD,2.0,1
AX3KFUB3F8VOU,13,24.883,1,SQL,4.0,0
AX3KFUB3F8VOU,14,6.949,1,RD,1.0,1
AX3KFUB3F8VOU,15,10.391,2,SQL,1.0,0
AX3KFUB3F8VOU,16,7.047,3,RD,2.0,0
AX3KFUB3F8VOU,17,11.009,4,SQL,1.0,0
AX3KFUB3F8VOU,18,8.903,1,RD,3.0,0
AX3KFUB3F8VOU,19,6.631,4,SQL,2.0,0
AX3KFUB3F8VOU,20,5.351,2,RD,2.0,1
AX3KFUB3F8VOU,21,7.403,3,SQL,3.0,1
AX3KFUB3F8VOU,22,4.556,3,RD,2.0,0
AX3KFUB3F8VOU,23,6.296,2,SQL,2.0,1
AX3KFUB3F8VOU,24,4.007,4,RD,4.0,1
AX3KFUB3F8VOU,25,4.048,1,SQL,4.0,0
AX3KFUB3F8VOU,26,15.983,2,RD,3.0,0
AX3KFUB3F8VOU,27,4.532,1,SQL,1.0,1
AX3KFUB3F8VOU,28,9.345,3,RD,2.0,0
AX3KFUB3F8VOU,29,5.538,2,SQL,3.0,0
AX3KFUB3F8VOU,30,5.546,1,RD,3.0,0
AX3KFUB3F8VOU,31,11.194,3,SQL,2.0,0
AX3KFUB3F8VOU,32,4.855,4,RD,4.0,1
AZ69TBTDH7AZS,1,256.55,4,RD,1.0,0
AZ69TBTDH7AZS,2,78.492,3,SQL,3.0,1
AZ69TBTDH7AZS,3,15.809,1,RD,1.0,1
AZ69TBTDH7AZS,4,102.1,4,SQL,4.0,1
AZ69TBTDH7AZS,5,5.946,1,RD,1.0,1
AZ69TBTDH7AZS,6,12.862,4,SQL,4.0,1
AZ69TBTDH7AZS,7,10.666,2,RD,2.0,1
AZ69TBTDH7AZS,8,13.767,2,SQL,2.0,1
AZ69TBTDH7AZS,9,15.258,4,RD,4.0,1
AZ69TBTDH7AZS,10,97.602,3,SQL,3.0,1
AZ69TBTDH7AZS,11,25.764,3,RD,2.0,0
AZ69TBTDH7AZS,12,14.357,2,SQL,2.0,1
AZ69TBTDH7AZS,13,6.69,2,RD,2.0,1
AZ69TBTDH7AZS,14,13.771,1,SQL,1.0,1
AZ69TBTDH7AZS,15,10.506,3,RD,3.0,1
AZ69TBTDH7AZS,16,10.217,1,SQL,1.0,1
AZ69TBTDH7AZS,17,14.304,4,RD,4.0,1
AZ69TBTDH7AZS,18,11.441,3,SQL,3.0,1
AZ69TBTDH7AZS,19,10.685,3,RD,3.0,1
AZ69TBTDH7AZS,20,10.6,1,SQL,1.0,1
AZ69TBTDH7AZS,21,6.197,2,RD,2.0,1
AZ69TBTDH7AZS,22,13.525,4,SQL,4.0,1
AZ69TBTDH7AZS,23,9.409,1,RD,1.0,1
AZ69TBTDH7AZS,24,8.275,4,SQL,4.0,1
AZ69TBTDH7AZS,25,8.143,2,RD,2.0,1
AZ69TBTDH7AZS,26,7.408,1,SQL,1.0,1
AZ69TBTDH7AZS,27,23.552,3,RD,3.0,1
AZ69TBTDH7AZS,28,9.367,3,SQL,3.0,1
AZ69TBTDH7AZS,29,3.977,1,RD,1.0,1
AZ69TBTDH7AZS,30,12.782,2,SQL,2.0,1
AZ69TBTDH7AZS,31,9.906,4,RD,4.0,1
AZ69TBTDH7AZS,32,7.624,2,SQL,2.0,1
